aahed	0.00
aalii	0.00
aargh	1.83
aarti	2.23
abaca	1.77
abaci	1.19
aback	2.99
abacs	0.00
abaft	1.80
abaka	0.00
abamp	0.00
aband	1.20
abase	1.56
abash	1.02
abask	0.00
abate	2.68
abaya	2.24
abbas	3.41
abbed	0.00
abbes	1.21
abbey	3.88
abbot	3.43
abcee	0.00
abeam	1.75
abear	0.00
abele	1.77
abers	1.09
abets	1.62
abhor	2.64
abide	3.59
abies	2.23
abled	2.29
abler	1.29
ables	1.73
ablet	0.00
ablow	1.56
abmho	0.00
abode	3.13
abohm	0.00
aboil	0.00
aboma	0.00
aboon	0.00
abord	1.50
abore	0.00
abort	3.27
about	6.40
above	5.20
abram	2.90
abray	0.00
abrim	0.00
abrin	1.12
abris	0.00
absey	0.00
absit	0.00
abuna	1.11
abune	1.18
abuse	4.66
abuts	2.27
abuzz	2.30
abyes	0.00
abysm	0.00
abyss	3.40
acais	0.00
acari	1.79
accas	0.00
accoy	0.00
acerb	0.00
acers	1.46
aceta	0.00
achar	1.49
ached	2.41
aches	3.28
achoo	1.70
acids	3.85
acidy	0.00
acing	2.02
acini	1.12
ackee	1.60
acker	2.48
acmes	0.00
acmic	0.00
acned	0.00
acnes	1.66
acock	1.08
acold	0.00
acorn	3.08
acred	0.00
acres	4.17
acrid	2.37
acros	1.64
acted	4.28
actin	3.14
acton	2.97
actor	4.65
acute	4.00
acyls	0.00
adage	2.95
adapt	3.98
adaws	0.00
adays	1.61
adbot	0.00
addax	1.33
added	5.16
adder	2.69
addio	1.60
addle	1.69
adeem	0.00
adept	3.33
adhan	1.68
adieu	2.83
adios	2.68
adits	1.40
adman	1.51
admen	1.11
admin	3.92
admit	4.58
admix	0.00
adobe	3.53
adobo	2.14
adopt	4.19
adore	3.70
adorn	3.01
adown	1.59
adoze	0.00
adrad	0.00
adred	0.00
adsum	0.00
aduki	0.00
adult	4.80
adunc	0.00
adust	0.00
advew	0.00
adyta	0.00
adzed	0.00
adzes	1.46
aecia	0.00
aedes	2.47
aegis	3.06
aeons	2.24
aerie	2.17
aeros	1.63
aesir	1.77
afald	0.00
afara	0.00
afars	1.04
afear	0.00
affix	2.63
afire	2.46
aflaj	0.00
afoot	2.89
afore	2.42
afoul	2.63
afrit	0.00
afros	1.79
after	6.11
again	5.70
agama	1.98
agami	1.10
agape	2.65
agars	0.00
agast	0.00
agate	2.81
agave	2.74
agaze	0.00
agene	0.00
agent	4.81
agers	2.21
agger	2.29
aggie	2.85
aggri	0.00
aggro	2.46
aggry	0.00
aghas	0.00
agila	1.33
agile	3.41
aging	4.04
agios	1.99
agism	0.00
agist	0.00
agita	1.39
aglee	0.00
aglet	1.32
agley	0.00
agloo	0.00
aglow	2.21
aglus	0.00
agmas	0.00
agoge	1.07
agone	1.56
agons	0.00
agony	3.60
agood	1.69
agora	2.72
agree	4.97
agria	1.14
agrin	1.14
agros	1.22
agued	0.00
agues	0.00
aguna	0.00
aguti	0.00
ahead	5.01
aheap	0.00
ahent	0.00
ahigh	1.06
ahind	0.00
ahing	0.00
ahint	0.00
ahold	2.86
ahull	0.00
ahuru	0.00
aidas	0.00
aided	3.74
aider	1.94
aides	3.41
aidoi	0.00
aidos	0.00
aiery	0.00
aigas	0.00
aight	2.64
ailed	1.64
aimed	4.25
aimer	2.06
ainee	0.00
ainga	0.00
aioli	2.31
aired	3.85
airer	1.01
airns	0.00
airth	1.36
airts	0.00
aisle	3.72
aitch	1.64
aitus	0.00
aiver	0.00
aiyee	0.00
aizle	0.00
ajies	0.00
ajiva	0.00
ajuga	1.15
ajwan	0.00
akees	0.00
akela	1.86
akene	0.00
aking	1.95
akita	2.49
akkas	0.00
alaap	0.00
alack	1.78
alamo	3.08
aland	2.02
alane	1.41
alang	1.79
alans	2.14
alant	0.00
alapa	0.00
alaps	0.00
alarm	4.28
alary	1.42
alate	1.19
alays	0.00
albas	1.18
albee	2.46
album	5.02
alcid	0.00
alcos	0.00
aldea	1.75
alder	2.97
aldol	1.70
aleck	2.17
alecs	1.15
alefs	0.00
aleft	0.00
aleph	2.39
alert	4.33
alews	0.00
aleye	0.00
alfas	1.31
algae	3.54
algal	2.69
algas	0.00
algid	0.00
algin	0.00
algor	1.12
algum	0.00
alias	3.46
alibi	3.10
alien	4.29
alifs	0.00
align	3.63
alike	4.13
aline	2.58
alist	1.52
alive	4.76
aliya	2.23
alkie	0.00
alkos	0.00
alkyd	1.77
alkyl	2.81
allay	2.69
allee	2.09
allel	0.00
alley	3.87
allis	2.45
allod	0.00
allot	2.79
allow	5.01
alloy	3.61
allyl	2.09
almah	1.15
almas	2.04
almeh	0.00
almes	0.00
almud	0.00
almug	0.00
alods	0.00
aloed	0.00
aloes	1.90
aloft	3.08
aloha	3.09
aloin	0.00
alone	5.16
along	5.38
aloof	2.99
aloos	0.00
aloud	3.51
alowe	0.00
alpha	4.25
altar	3.80
alter	4.05
altho	2.65
altos	2.54
alula	1.43
alums	2.42
alure	0.00
alvar	2.01
alway	2.59
amahs	0.00
amain	1.37
amass	2.77
amate	1.42
amaut	0.00
amaze	3.19
amban	0.00
amber	3.97
ambit	2.45
amble	2.30
ambos	1.90
ambry	1.13
ameba	1.58
ameer	2.48
amend	3.55
amene	0.00
amens	1.33
ament	1.79
amias	1.15
amice	1.50
amici	2.25
amide	2.44
amido	1.77
amids	0.00
amies	1.75
amiga	2.73
amigo	2.86
amine	2.79
amino	3.72
amins	0.00
amirs	1.58
amiss	2.93
amity	2.89
amlas	0.00
amman	3.08
ammon	2.46
ammos	1.55
amnia	0.00
amnic	0.00
amnio	1.49
amoks	0.00
amole	1.19
among	5.31
amort	0.00
amour	3.03
amove	0.00
amowt	0.00
amped	2.80
ample	3.71
amply	2.61
ampul	0.00
amrit	2.17
amuck	2.05
amuse	3.12
amyls	0.00
anana	1.75
anata	2.05
ancho	1.81
ancle	0.00
ancon	1.72
andro	2.22
anear	0.00
anele	1.49
anent	2.22
angas	1.90
angel	4.45
anger	4.42
angle	4.38
anglo	3.81
angry	4.66
angst	3.26
anigh	0.00
anile	1.09
anils	0.00
anima	2.76
anime	4.26
animi	1.27
anion	2.70
anise	2.65
anker	2.54
ankhs	0.00
ankle	3.97
ankus	0.00
anlas	0.00
annal	1.64
annas	2.19
annat	0.00
annex	3.50
annoy	3.46
annul	2.49
anoas	0.00
anode	2.86
anole	1.55
anomy	0.00
ansae	0.00
antae	0.00
antar	2.17
antas	0.00
anted	1.53
antes	2.15
antic	2.33
antis	2.27
antra	1.19
antre	0.00
antsy	2.52
anura	1.56
anvil	3.04
anyon	1.67
aorta	2.92
apace	2.46
apage	0.00
apaid	0.00
apart	4.78
apayd	0.00
apays	0.00
apeak	0.00
apeek	0.00
apers	0.00
apert	1.26
apery	0.00
apgar	2.04
aphid	2.39
aphis	2.21
apian	1.25
aping	2.09
apiol	0.00
apish	1.13
apism	0.00
apnea	3.00
apode	0.00
apods	0.00
apoop	0.00
aport	1.16
appal	1.63
appay	0.00
appel	2.53
apple	4.76
apply	4.81
appro	1.86
appui	1.19
appuy	0.00
apres	2.07
apron	3.36
apses	1.53
apsis	1.05
apsos	0.00
apted	1.55
apter	1.79
aptly	3.12
aquae	1.68
aquas	1.50
araba	1.72
araks	0.00
arame	0.00
arars	0.00
arbas	0.00
arbor	3.49
arced	1.91
archi	2.10
arcos	2.07
arcus	1.87
ardeb	0.00
ardor	2.34
ardri	0.00
aread	0.00
areae	0.00
areal	2.39
arear	0.00
areas	5.15
areca	1.93
aredd	0.00
arede	0.00
arefy	0.00
areic	0.00
arena	4.33
arene	1.66
arepa	1.53
arere	0.00
arete	1.92
arets	0.00
arett	0.00
argal	1.10
argan	2.41
argil	0.00
argle	0.00
argol	1.01
argon	2.86
argot	1.94
argue	4.46
argus	3.05
arhat	1.54
arias	3.10
ariel	3.54
ariki	1.57
arils	1.23
ariot	0.00
arise	3.93
arish	2.04
arked	0.00
arled	0.00
arles	2.46
armed	4.59
armer	1.83
armet	0.00
armil	0.00
armor	3.97
arnas	0.00
arnut	0.00
aroba	0.00
aroha	1.90
aroid	1.21
aroma	3.23
arose	3.73
arpas	0.00
arpen	0.00
arrah	1.50
arras	2.55
array	4.10
arret	1.09
arris	2.07
arrow	4.13
arroz	2.08
arsed	2.71
arses	2.47
arsey	1.47
arsis	1.34
arson	3.40
artal	0.00
artel	1.40
artic	2.42
artis	2.56
artsy	2.89
aruhe	0.00
arums	0.00
arval	1.05
arvee	0.00
arvos	0.00
aryls	0.00
asana	2.23
ascon	1.07
ascot	3.06
ascus	1.51
asdic	1.26
ashed	1.48
ashen	2.48
ashes	3.93
ashet	0.00
aside	4.59
asked	5.30
asker	2.08
askew	2.72
askoi	0.00
askos	0.00
aspen	3.43
asper	1.88
aspic	2.09
aspie	1.74
aspis	1.17
aspro	1.19
assai	1.64
assam	3.29
assay	3.28
asses	3.79
asset	4.23
assez	1.44
assot	0.00
aster	2.81
astir	1.60
astun	0.00
asura	2.37
asway	0.00
aswim	0.00
asyla	0.00
ataps	0.00
ataxy	0.00
atigi	0.00
atilt	0.00
atimy	0.00
atlas	3.80
atman	2.23
atmas	0.00
atmos	2.64
atocs	0.00
atoke	0.00
atoks	0.00
atoll	2.85
atoms	3.75
atomy	1.10
atone	2.86
atony	1.06
atopy	1.57
atria	2.38
atrip	0.00
attap	0.00
attar	2.23
attic	3.63
atuas	0.00
audad	0.00
audio	4.47
audit	4.04
auger	2.77
aught	2.43
augur	2.48
aulas	1.48
aulic	1.15
auloi	0.00
aulos	1.08
aumil	0.00
aunes	0.00
aunts	3.21
aunty	3.16
aurae	0.00
aural	2.78
aurar	0.00
auras	2.37
aurei	0.00
aures	1.34
auric	2.07
auris	1.82
aurum	2.24
autos	3.12
auxin	2.18
avail	3.59
avale	0.00
avant	3.36
avast	2.45
avels	0.00
avens	1.32
avers	1.87
avert	3.14
avgas	1.53
avian	3.14
avine	0.00
avion	1.93
avise	0.00
aviso	1.47
avize	0.00
avoid	4.87
avows	1.18
avyze	0.00
await	3.63
awake	4.14
award	4.88
aware	4.78
awarn	0.00
awash	2.76
awato	0.00
awave	0.00
aways	2.61
awdls	0.00
aweel	0.00
aweto	0.00
awful	4.46
awing	1.37
awmry	0.00
awned	0.00
awner	0.00
awoke	3.15
awols	0.00
awork	0.00
axels	1.67
axial	3.15
axile	0.00
axils	2.08
axing	2.20
axiom	3.02
axion	1.93
axite	0.00
axled	0.00
axles	2.98
axman	1.23
axmen	0.00
axoid	0.00
axone	0.00
axons	2.59
ayahs	1.23
ayaya	1.30
ayelp	0.00
aygre	0.00
ayins	0.00
ayont	0.00
ayres	2.90
ayrie	0.00
azans	0.00
azide	2.06
azido	1.24
azine	0.00
azlon	0.00
azoic	1.07
azole	1.36
azons	0.00
azote	1.19
azoth	1.29
azuki	1.53
azure	3.35
azurn	0.00
azury	0.00
azygy	0.00
azyme	0.00
azyms	0.00
baaed	0.00
baals	1.22
babas	1.69
babel	2.91
babes	3.39
babka	1.74
baboo	1.71
babul	1.59
babus	1.53
bacca	2.00
bacco	1.58
baccy	1.64
bacha	2.10
bachs	1.46
backs	4.10
bacon	4.15
baddy	1.72
badge	4.02
badly	4.44
baels	0.00
baffs	0.00
baffy	0.00
bafts	0.00
bagel	3.18
baggy	3.16
baghs	0.00
bagie	0.00
bahts	1.17
bahus	0.00
bahut	1.56
bails	2.56
bairn	2.04
baisa	0.00
baith	1.34
baits	2.65
baiza	0.00
baize	1.83
bajan	2.06
bajra	1.56
bajri	0.00
bajus	0.00
baked	3.92
baken	1.12
baker	4.23
bakes	2.73
bakra	1.30
balas	1.68
balds	1.31
baldy	2.58
baled	1.79
baler	2.26
bales	2.97
balks	2.09
balky	1.57
balls	4.52
bally	2.73
balms	2.24
balmy	2.70
baloo	2.34
balsa	2.48
balti	2.10
balun	1.59
balus	0.00
bambi	2.96
banak	0.00
banal	2.88
banco	3.03
bancs	1.04
banda	3.00
bandh	2.01
bands	4.37
bandy	2.55
baned	0.00
banes	2.12
bangs	3.45
bania	1.67
banjo	3.27
banks	4.69
banns	2.02
bants	1.75
bantu	3.03
banty	1.27
banya	1.78
bapus	0.00
barbe	2.09
barbs	2.81
barby	1.92
barca	3.41
barde	1.44
bardo	2.32
bards	2.70
bardy	1.30
bared	2.64
barer	1.63
bares	2.50
barfi	2.01
barfs	1.58
barge	3.50
baric	1.33
barks	3.01
barky	1.59
barms	0.00
barmy	2.32
barns	3.14
barny	1.69
baron	3.88
barps	0.00
barra	2.89
barre	3.08
barro	2.13
barry	4.26
barye	1.22
basal	3.40
basan	1.16
based	5.51
basen	1.01
baser	2.14
bases	4.18
basho	2.13
basic	4.89
basij	1.99
basil	3.65
basin	4.08
basis	4.81
basks	1.88
bason	1.62
basse	2.14
bassi	2.03
basso	2.44
bassy	1.92
basta	2.45
baste	2.39
basti	2.29
basto	1.40
basts	1.01
batch	3.91
bated	2.33
bates	3.64
bathe	3.22
baths	3.67
batik	2.54
baton	3.64
batta	1.70
batts	2.34
battu	0.00
batty	2.79
bauds	0.00
bauks	0.00
baulk	2.10
baurs	0.00
bavin	1.17
bawds	1.13
bawdy	2.56
bawks	0.00
bawls	1.64
bawns	0.00
bawrs	0.00
bawty	0.00
bayed	1.60
bayer	3.26
bayes	2.51
bayle	1.97
bayou	3.14
bayts	0.00
bazar	2.57
bazoo	1.04
beach	4.92
beads	3.69
beady	2.48
beaks	2.74
beaky	1.79
beals	2.31
beams	3.76
beamy	1.22
beano	2.31
beans	4.14
beany	1.76
beard	4.07
beare	1.93
bears	4.34
beast	4.29
beath	1.65
beats	4.22
beaty	2.30
beaus	1.73
beaut	2.56
beaux	2.73
bebop	2.83
becap	0.00
becke	1.43
becks	2.46
bedad	0.00
bedel	1.58
bedes	1.20
bedew	0.00
bedim	0.00
bedye	0.00
beech	3.27
beedi	1.66
beefs	2.37
beefy	2.74
beeps	2.73
beers	3.90
beery	2.15
beets	3.07
befit	2.07
befog	0.00
begad	0.00
began	5.07
begar	0.00
begat	2.41
begem	0.00
beget	2.39
begin	4.84
begot	1.97
begum	2.56
begun	4.36
beige	3.30
beigy	0.00
being	5.95
beins	0.00
bekah	1.88
belah	1.03
belar	1.14
belay	2.43
belch	2.27
belee	0.00
belga	1.29
belie	2.45
belle	3.79
bells	3.90
belly	4.10
belon	1.69
below	5.05
belts	3.74
bemad	0.00
bemas	0.00
bemix	0.00
bemud	0.00
bench	4.39
bends	3.34
bendy	2.55
benes	2.19
benet	2.29
benga	1.70
benis	1.20
benne	1.57
benni	1.77
benny	3.60
bento	2.70
bents	1.71
benty	0.00
bepat	0.00
beray	0.00
beres	1.77
beret	2.92
bergs	1.85
berko	1.56
berks	2.74
berme	0.00
berms	2.03
berob	0.00
berry	3.97
berth	3.44
beryl	2.91
besat	0.00
besaw	0.00
besee	0.00
beses	0.00
beset	3.08
besit	0.00
besom	1.50
besot	0.00
besti	0.00
bests	2.59
betas	2.48
beted	0.00
betel	2.53
betes	0.00
beths	1.27
betid	0.00
beton	1.81
betta	2.79
betty	3.92
bevel	2.61
bever	1.92
bevor	1.21
bevue	0.00
bevvy	1.59
bewet	0.00
bewig	0.00
bezel	2.80
bezes	0.00
bezil	0.00
bezzy	0.00
bhais	0.00
bhaji	1.85
bhang	1.77
bhats	0.00
bhels	0.00
bhoot	1.44
bhuna	1.25
bhuts	0.00
biach	0.00
biali	0.00
bialy	1.40
bibbs	1.72
bibes	0.00
bible	4.54
biccy	0.00
bicep	2.72
bices	0.00
biddy	2.39
bided	1.78
bider	0.00
bides	1.65
bidet	2.58
bidis	1.17
bidon	1.07
bield	1.11
biers	1.41
biffo	1.42
biffs	1.31
biffy	2.19
bifid	1.54
bigae	0.00
biggs	3.05
biggy	2.00
bigha	1.32
bight	2.67
bigly	2.37
bigos	1.29
bigot	3.18
bijou	2.49
biked	2.31
biker	3.37
bikes	3.89
bikie	1.62
bilbo	2.83
bilby	1.95
biled	0.00
biles	2.32
bilge	2.67
bilgy	0.00
bilks	0.00
bills	4.52
billy	4.33
bimah	1.12
bimas	0.00
bimbo	2.87
binal	0.00
bindi	2.37
binds	3.38
biner	1.19
bines	1.69
binge	3.60
bingo	3.71
bings	1.57
bingy	0.00
binit	0.00
binks	2.39
bints	0.00
biogs	0.00
biome	2.73
biont	0.00
biota	2.49
biped	2.01
bipod	2.07
birch	3.50
birds	4.60
birks	2.27
birle	0.00
birls	0.00
biros	1.36
birrs	0.00
birse	1.16
birsy	0.00
birth	4.77
bises	0.00
bisks	0.00
bisom	0.00
bison	3.26
bitch	4.76
biter	2.60
bites	3.79
bitos	0.00
bitou	1.36
bitsy	2.28
bitte	2.05
bitts	1.37
bitty	2.79
bivia	0.00
bivvy	1.43
bizes	0.00
bizzo	0.00
bizzy	1.98
blabs	1.48
black	5.46
blade	4.19
blads	0.00
blady	1.14
blaer	0.00
blaes	0.00
blaff	0.00
blags	0.00
blahs	1.65
blain	2.31
blame	4.63
blams	0.00
bland	3.50
blank	4.14
blare	2.39
blart	2.12
blase	2.16
blash	1.23
blast	4.32
blate	0.00
blats	0.00
blatt	2.61
blaud	0.00
blawn	0.00
blaws	0.00
blays	0.00
blaze	3.69
bleak	3.43
blear	0.00
bleat	2.12
blebs	1.44
blech	2.23
bleed	3.72
bleep	3.08
blees	1.12
blend	3.95
blent	1.28
blert	0.00
bless	4.17
blest	2.16
blets	0.00
bleys	0.00
blimp	2.78
blimy	0.00
blind	4.52
bling	3.21
blini	1.52
blink	3.73
blins	0.00
bliny	0.00
blips	2.38
bliss	3.78
blist	0.00
blite	0.00
blits	0.00
blitz	3.57
blive	1.03
bloat	2.60
blobs	2.58
block	4.88
blocs	2.68
blogs	3.95
bloke	3.55
blond	3.55
blood	5.10
blook	1.09
bloom	3.93
bloop	2.43
blore	1.97
blots	2.30
blown	4.21
blows	4.04
blowy	1.65
blubs	1.05
blude	0.00
bluds	0.00
bludy	0.00
blued	2.15
bluer	2.22
blues	4.34
bluet	1.22
bluey	2.21
bluff	3.58
bluid	0.00
blume	2.53
blunk	0.00
blunt	3.90
blurb	2.79
blurs	2.62
blurt	2.48
blush	3.56
blype	0.00
boabs	0.00
boaks	0.00
board	5.24
boars	2.74
boart	1.25
boast	3.51
boats	4.25
bobac	0.00
bobak	1.41
bobas	0.00
bobby	4.22
bobol	0.00
bobos	1.42
bocca	1.84
bocce	2.26
bocci	1.34
boche	1.85
bocks	1.48
boded	1.58
bodes	2.58
bodge	1.60
bodhi	2.61
bodle	1.23
boeps	0.00
boets	0.00
boeuf	2.18
boffo	1.57
boffs	0.00
bogan	2.55
bogey	2.92
boggy	2.42
bogie	2.46
bogle	2.29
bogue	2.21
bogus	3.43
bohea	0.00
bohos	0.00
boils	3.29
boing	2.74
boink	1.71
boite	1.83
boked	0.00
bokeh	2.23
bokes	0.00
bokos	0.00
bolar	1.57
bolas	2.11
bolds	1.34
boles	2.47
bolix	0.00
bolls	1.40
bolos	1.67
bolts	3.62
bolus	2.60
bomas	1.22
bombe	1.93
bombo	1.57
bombs	4.15
bonce	1.56
bonds	4.27
boned	2.88
boner	3.21
bones	4.32
boney	2.50
bongo	2.87
bongs	2.48
bonie	0.00
bonks	1.69
bonne	2.67
bonny	2.84
bonus	4.45
bonza	1.39
bonze	1.28
booai	0.00
booay	0.00
boobs	3.90
booby	2.98
boody	1.52
booed	3.09
boofy	0.00
boogy	1.42
boohs	0.00
books	5.15
booky	1.70
bools	0.00
booms	3.00
boomy	1.53
boong	1.35
boons	2.20
boord	1.35
boors	1.58
boose	1.51
boost	4.41
booth	4.10
boots	4.33
booty	3.59
booze	3.65
boozy	2.52
boppy	1.71
borak	1.48
boral	1.73
boras	2.24
borax	2.48
borde	1.96
bords	1.33
bored	4.20
boree	1.29
borel	2.28
borer	2.53
bores	2.84
borgo	2.19
boric	2.31
borks	0.00
borms	0.00
borna	1.78
borne	3.67
boron	2.92
borts	1.06
borty	0.00
bortz	1.52
bosie	1.62
bosks	0.00
bosky	1.38
bosom	3.05
boson	2.76
bossy	2.97
bosun	1.89
botas	1.56
botch	2.40
botel	0.00
botes	1.55
bothy	2.06
botte	1.42
botts	1.99
botty	1.50
bouge	1.30
bough	2.73
bouks	0.00
boule	2.12
boult	2.29
bound	4.46
bouns	0.00
bourd	0.00
bourg	2.26
bourn	2.16
bouse	1.46
bousy	0.00
bouts	3.21
bovid	1.19
bowat	0.00
bowed	3.33
bowel	3.55
bower	3.00
bowes	2.70
bowet	0.00
bowie	3.54
bowls	3.75
bowne	1.92
bowrs	0.00
bowse	0.00
boxed	3.34
boxen	1.42
boxer	3.74
boxes	4.34
boxla	0.00
boxty	1.09
boyar	1.91
boyau	0.00
boyed	0.00
boyfs	0.00
boygs	0.00
boyla	0.00
boyos	1.53
boysy	0.00
bozos	2.12
braai	2.07
brace	3.72
brach	2.05
brack	2.33
bract	1.83
brads	1.99
braes	2.01
brags	2.66
braid	3.24
brail	1.44
brain	4.94
brake	3.95
braks	0.00
braky	0.00
brame	1.54
brand	4.83
brane	2.08
brank	1.05
brans	1.59
brant	2.90
brash	2.95
brass	4.05
brast	0.00
brats	2.91
brava	2.61
brave	4.33
bravi	1.47
bravo	3.77
brawl	3.53
brawn	2.76
braws	0.00
braxy	0.00
brays	1.79
braza	0.00
braze	1.84
bread	4.50
break	5.18
bream	2.69
brede	1.97
breds	2.06
breed	4.08
breem	0.00
breer	1.32
brees	2.98
breid	0.00
breis	0.00
breme	0.00
brens	1.16
brent	3.69
brere	0.00
brers	0.00
breve	2.11
brews	2.99
breys	0.00
briar	2.86
bribe	3.50
brick	4.25
bride	4.08
brief	4.52
brier	2.35
bries	0.00
brigs	1.95
briki	0.00
briks	0.00
brill	3.06
brims	2.16
brine	3.07
bring	5.27
brink	3.51
brins	0.00
briny	2.20
brios	0.00
brise	1.60
brisk	3.20
briss	1.21
brith	1.82
brits	3.54
britt	3.18
brize	1.85
broad	4.53
broch	2.02
brock	3.71
brods	0.00
brogh	0.00
brogs	0.00
broil	2.44
broke	4.85
brome	2.13
bromo	2.31
bronc	2.04
brond	0.00
brood	3.25
brook	3.74
brool	0.00
broom	3.42
broos	1.06
brose	1.78
brosy	0.00
broth	3.39
brown	5.01
brows	3.34
brugh	1.41
bruin	2.52
bruit	1.74
brule	2.21
brume	1.53
brung	2.08
brunt	3.12
brush	4.23
brusk	0.00
brust	1.94
brute	3.42
bruts	0.00
buats	0.00
buaze	0.00
bubal	0.00
bubas	0.00
bubba	3.30
bubbe	1.36
bubby	2.13
bubus	0.00
buchu	1.16
bucko	2.17
bucks	4.19
bucku	0.00
budas	0.00
buddy	4.40
budge	3.23
budis	0.00
budos	0.00
buffa	1.70
buffe	0.00
buffi	0.00
buffo	1.36
buffs	3.02
buffy	3.42
bufos	0.00
bufty	0.00
buggy	3.32
bugle	2.92
buhls	0.00
buhrs	0.00
buiks	0.00
build	5.04
built	5.07
buist	1.61
bukes	0.00
bulbs	3.55
bulge	3.24
bulgy	1.56
bulks	1.99
bulky	3.30
bulla	2.24
bulls	3.97
bully	3.87
bulse	0.00
bumbo	1.65
bumfs	0.00
bumph	0.00
bumps	3.60
bumpy	3.18
bunas	0.00
bunce	2.26
bunch	4.57
bunco	1.76
bunde	1.03
bundh	0.00
bunds	1.93
bundt	2.15
bundu	1.55
bundy	3.20
bungs	1.58
bungy	1.62
bunia	1.08
bunje	0.00
bunjy	0.00
bunko	1.76
bunks	2.63
bunns	0.00
bunny	3.88
bunts	1.92
bunty	2.15
bunya	1.37
buoys	2.77
buppy	0.00
buran	1.65
buras	1.38
burbs	2.41
burds	1.05
buret	1.15
burfi	0.00
burgh	2.86
burgs	1.56
burin	1.86
burka	2.59
burke	3.87
burks	2.37
burls	1.61
burly	2.82
burns	4.24
burnt	4.03
buroo	0.00
burps	2.26
burqa	2.58
burro	2.35
burrs	2.22
burry	2.30
bursa	2.60
burse	1.63
burst	4.15
busby	2.68
bused	2.11
buses	4.02
bushy	2.98
busks	1.21
busky	0.00
bussu	0.00
busti	1.19
busts	3.17
busty	3.07
butch	3.37
buteo	1.63
butes	1.04
butle	0.00
butoh	1.64
butte	3.09
butts	3.53
butty	1.99
butut	0.00
butyl	2.50
buxom	2.38
buyer	4.03
buzzy	2.46
bwana	1.97
bwazi	0.00
byded	0.00
bydes	0.00
byked	0.00
bykes	0.00
bylaw	2.60
byres	1.81
byrls	0.00
byssi	0.00
bytes	3.26
byway	2.23
caaed	0.00
cabal	3.04
cabas	1.19
cabby	1.95
caber	1.91
cabin	4.13
cable	4.54
cabob	0.00
caboc	0.00
cabre	0.00
cacao	2.86
cacas	0.00
cache	3.63
cacks	0.00
cacky	0.00
cacti	2.75
caddy	2.96
cadee	1.05
cades	1.80
cadet	3.35
cadge	1.41
cadgy	0.00
cadie	1.21
cadis	0.00
cadre	3.04
caeca	1.35
caese	0.00
cafes	3.33
caffs	0.00
caged	3.06
cager	1.54
cages	3.43
cagey	2.39
cagot	0.00
cahow	1.12
caids	0.00
cains	1.66
caird	2.18
cairn	2.87
cajon	2.45
cajun	2.99
caked	2.70
cakes	3.85
cakey	2.12
calfs	1.59
calid	0.00
calif	3.83
calix	1.60
calks	1.21
calla	2.36
calls	4.91
calms	2.98
calmy	1.35
calos	0.00
calpa	0.00
calps	0.00
calve	1.96
calyx	2.45
caman	0.00
camas	2.14
camel	3.64
cameo	3.48
cames	1.51
camis	1.37
camos	1.70
campi	1.88
campo	2.87
camps	4.19
campy	2.51
camus	2.88
canal	4.22
candy	4.29
caned	2.18
caneh	0.00
caner	1.80
canes	3.11
cangs	0.00
canid	1.74
canna	2.49
canns	0.00
canny	2.89
canoe	3.50
canon	4.11
canso	1.84
canst	2.34
canto	2.81
cants	1.68
canty	1.95
capas	1.40
caped	2.36
caper	2.86
capes	3.00
capex	2.32
caphs	0.00
capiz	1.85
caple	1.42
capon	2.19
capos	1.87
capot	0.00
capri	3.06
capul	0.00
caput	2.08
carap	0.00
carat	3.15
carbo	2.31
carbs	3.36
carby	1.70
cardi	2.77
cards	4.76
cardy	1.98
cared	4.11
carer	2.86
cares	4.40
caret	1.91
carex	2.17
cargo	4.19
carks	0.00
carle	2.53
carls	1.93
carns	1.36
carny	1.97
carob	2.11
carol	4.02
carom	1.97
caron	2.65
carpi	2.02
carps	1.85
carrs	1.70
carry	4.89
carse	1.70
carta	2.91
carte	3.16
carts	3.45
carve	3.41
carvy	0.00
casas	2.66
casco	2.23
cased	2.58
cases	5.04
casks	2.71
casky	0.00
caste	3.60
casts	3.58
casus	2.20
catch	4.87
cater	3.55
cates	2.58
catty	2.56
cauda	1.93
cauks	0.00
cauld	1.29
caulk	2.29
cauls	0.00
caums	0.00
caups	0.00
cauri	0.00
causa	2.55
cause	5.35
cavas	1.11
caved	2.98
cavel	0.00
caver	1.77
caves	3.69
cavie	0.00
cavil	2.04
cawed	0.00
cawks	0.00
caxon	0.00
cease	4.03
ceaze	0.00
cebid	0.00
cecal	1.50
cecum	1.81
cedar	3.76
ceded	3.03
ceder	1.35
cedes	2.09
cedis	1.72
ceiba	1.88
ceili	1.42
ceils	0.00
celeb	3.00
cella	2.10
celli	1.74
cello	3.29
cells	4.75
celom	0.00
celts	2.82
cense	1.36
cento	2.27
cents	4.36
centu	1.21
ceorl	0.00
cepes	1.01
cerci	1.96
cered	0.00
ceres	2.86
cerge	0.00
ceria	1.69
ceric	1.28
cerne	1.54
ceroc	0.00
ceros	1.03
certs	2.22
certy	0.00
cesse	0.00
cesta	1.46
cesti	0.00
cetes	0.00
cetyl	1.47
cezve	0.00
chace	2.31
chack	1.26
chaco	2.49
chado	0.00
chads	1.98
chafe	2.40
chaff	2.75
chaft	0.00
chain	4.65
chair	4.69
chais	1.41
chalk	3.69
chals	0.00
champ	3.90
chams	1.43
chana	2.32
chang	3.73
chank	1.35
chant	3.60
chaos	4.27
chape	1.41
chaps	3.12
chapt	1.47
chara	2.82
chard	2.71
chare	1.38
chark	1.38
charm	4.12
charr	1.91
chars	2.50
chart	4.47
chary	1.64
chase	4.44
chasm	2.96
chats	3.37
chave	1.41
chavs	2.11
chawk	1.05
chaws	0.00
chaya	2.16
chays	0.00
cheap	4.71
cheat	4.06
check	5.31
cheek	3.96
cheep	2.47
cheer	4.06
chefs	3.64
cheka	1.85
chela	1.98
chelp	0.00
chemo	3.25
chems	1.81
chere	1.85
chert	2.26
chess	3.94
chest	4.52
cheth	0.00
chevy	3.53
chews	2.78
chewy	2.94
chiao	2.15
chias	0.00
chibs	1.66
chica	2.77
chich	1.41
chick	4.08
chico	3.21
chics	1.57
chide	2.18
chief	5.11
chiel	1.12
chiks	0.00
child	5.30
chile	4.06
chili	3.73
chill	4.18
chimb	0.00
chime	3.14
chimo	1.48
chimp	2.95
china	5.10
chine	2.52
ching	3.37
chink	2.61
chino	3.02
chins	2.69
chips	4.21
chirk	1.81
chirl	0.00
chirm	0.00
chiro	2.03
chirp	2.79
chirr	0.00
chirt	0.00
chiru	1.66
chits	1.86
chive	2.21
chivs	0.00
chivy	0.00
chizz	0.00
chock	2.86
choco	2.64
chocs	1.58
chode	2.10
chogs	0.00
choil	0.00
choir	3.88
choke	3.72
choko	1.44
choky	1.16
chola	2.33
choli	1.72
cholo	2.35
chomp	2.53
chons	0.00
choof	0.00
chook	2.16
choom	1.38
choon	2.23
chops	3.38
chord	3.65
chore	3.15
chose	4.55
chota	2.14
chott	0.00
chout	1.03
choux	2.05
chowk	2.44
chows	1.87
chubs	2.00
chuck	4.17
chufa	0.00
chuff	1.71
chugs	2.21
chump	2.91
chums	2.60
chunk	3.64
churl	1.51
churn	3.07
churr	0.00
chuse	1.33
chute	3.19
chuts	0.00
chyle	1.40
chyme	1.34
chynd	0.00
cibol	0.00
cided	0.00
cider	3.50
cides	0.00
ciels	0.00
cigar	3.57
ciggy	1.50
cilia	2.65
cills	0.00
cimar	0.00
cimex	1.46
cinch	2.65
cinct	0.00
cines	1.32
cinqs	0.00
cions	0.00
cippi	0.00
circa	3.57
circs	1.52
cires	1.15
cirls	0.00
cirri	1.64
cisco	3.49
cissy	2.33
cists	1.38
cital	0.00
cited	4.29
citer	0.00
cites	3.61
cives	1.11
civet	2.12
civic	4.00
civie	0.00
civil	4.93
civvy	1.57
clach	1.02
clack	2.61
clade	2.37
clads	1.34
claes	2.26
clags	0.00
claim	4.95
clame	0.00
clamp	3.45
clams	3.13
clang	2.63
clank	2.66
clans	3.45
claps	2.89
clapt	0.00
claro	2.44
clart	0.00
clary	2.78
clash	3.97
clasp	3.10
class	5.36
clast	1.55
clats	0.00
claut	0.00
clave	2.25
clavi	0.00
claws	3.56
clays	2.79
clean	4.97
clear	5.25
cleat	2.37
cleck	0.00
cleek	1.31
cleep	0.00
clefs	1.63
cleft	2.94
clegs	0.00
cleik	0.00
clems	1.24
clepe	0.00
clept	0.00
clerk	4.00
cleve	2.59
clews	1.82
click	4.82
clied	0.00
clies	0.00
cliff	4.10
clift	2.41
climb	4.22
clime	1.94
cline	2.84
cling	3.49
clink	2.62
clint	3.53
clipe	0.00
clips	4.04
clipt	0.00
clits	1.86
cloak	3.57
cloam	0.00
clock	4.43
clods	2.00
cloff	0.00
clogs	2.79
cloke	2.00
clomb	0.00
clomp	1.48
clone	3.68
clonk	1.38
clons	0.00
cloop	0.00
cloot	0.00
clops	1.34
close	5.36
clote	0.00
cloth	4.03
clots	2.97
cloud	4.46
clour	0.00
clous	0.00
clout	3.23
clove	2.91
clown	3.93
clows	0.00
cloye	0.00
cloys	0.00
cloze	1.55
clubs	4.51
cluck	2.32
clued	2.40
clues	3.82
cluey	0.00
clump	2.94
clung	2.98
clunk	2.23
clype	0.00
cnida	0.00
coach	4.96
coact	0.00
coady	2.19
coala	0.00
coals	2.98
coaly	0.00
coapt	0.00
coarb	0.00
coast	4.87
coate	1.69
coati	1.58
coats	3.74
cobbs	2.18
cobby	1.99
cobia	1.64
coble	2.00
cobra	3.51
cobza	0.00
cocas	0.00
cocci	1.77
cocco	1.72
cocks	3.46
cocky	3.39
cocoa	3.64
cocos	2.58
codas	1.50
codec	2.67
coded	3.58
coden	1.39
coder	2.69
codes	4.18
codex	3.18
codon	2.45
coeds	1.96
coffs	2.29
cogie	0.00
cogon	1.09
cogue	0.00
cohab	0.00
cohen	3.98
cohoe	0.00
cohog	0.00
cohos	0.00
coifs	1.27
coign	0.00
coils	3.36
coins	4.26
coirs	0.00
coits	0.00
coked	2.30
cokes	2.48
colas	2.47
colby	3.25
colds	2.97
coled	0.00
coles	3.15
coley	2.40
colic	2.65
colin	4.09
colls	1.68
colly	1.79
colog	0.00
colon	3.60
color	4.91
colts	3.61
colza	1.07
comae	0.00
comal	1.90
comas	2.35
combe	2.46
combi	2.37
combo	3.80
combs	3.17
comby	0.00
comer	2.86
comes	5.36
comet	3.64
comfy	3.63
comic	4.42
comix	2.08
comma	3.27
commo	1.86
comms	3.08
commy	1.31
compo	2.33
comps	2.75
compt	1.08
comte	2.91
comus	1.89
conch	2.79
condo	3.63
coned	1.79
cones	3.39
coney	3.06
confs	1.05
conga	2.67
conge	0.00
congo	3.75
conia	0.00
conic	2.42
conin	0.00
conks	1.46
conky	1.50
conne	1.67
conns	1.15
conte	3.18
conto	1.61
conus	2.33
convo	2.99
cooch	2.35
cooed	2.03
cooee	1.75
cooer	0.00
cooey	1.10
coofs	0.00
cooks	3.65
cooky	1.93
cools	3.05
cooly	1.96
coomb	1.09
cooms	0.00
coomy	0.00
coons	2.52
coops	2.46
coopt	1.48
coost	0.00
coots	2.40
cooze	1.35
copal	1.76
copay	2.00
coped	2.63
copen	1.45
coper	1.39
copes	2.46
coppy	1.40
copra	2.15
copse	2.34
copsy	0.00
coqui	1.58
coral	3.86
coram	2.29
corbe	0.00
corby	2.75
cords	3.35
cored	2.29
corer	1.58
cores	3.52
corey	3.70
corgi	2.83
coria	1.44
corks	2.57
corky	2.58
corms	1.83
corni	0.00
corno	1.51
corns	2.45
cornu	1.95
corny	3.23
corps	4.27
corse	2.39
corso	2.72
cosec	0.00
cosed	0.00
coses	0.00
coset	1.50
cosey	1.56
cosie	0.00
costa	4.15
coste	2.01
costs	4.96
cotan	0.00
coted	0.00
cotes	2.15
coths	0.00
cotta	2.85
cotts	1.54
couch	4.17
coude	0.00
cough	3.95
could	6.06
count	4.83
coupe	3.34
coups	2.87
courb	0.00
courd	0.00
coure	1.11
cours	2.59
court	5.41
couta	0.00
couth	1.46
coved	1.69
coven	3.00
cover	5.08
coves	2.49
covet	2.82
covey	2.61
covin	1.10
cowal	1.46
cowan	3.18
cowed	2.40
cower	2.55
cowks	0.00
cowls	1.82
cowps	0.00
cowry	1.44
coxae	1.41
coxal	1.12
coxed	1.58
coxes	1.50
coxib	0.00
coyau	0.00
coyed	0.00
coyer	1.10
coyly	2.08
coypu	1.09
cozed	0.00
cozen	1.52
cozes	0.00
cozey	0.00
cozie	0.00
craal	0.00
crabs	3.40
crack	4.41
craft	4.30
crags	2.52
craic	2.29
craig	4.18
crake	1.96
crame	1.33
cramp	3.04
crams	1.84
crane	3.92
crank	3.61
crans	1.67
crape	1.83
craps	2.80
crapy	1.12
crare	0.00
crash	4.55
crass	2.96
crate	3.47
crave	3.47
crawl	3.77
craws	1.18
crays	1.23
craze	3.35
crazy	5.07
creak	2.52
cream	4.62
credo	2.77
creds	2.10
creed	3.70
creek	4.37
creel	2.39
creep	3.84
crees	1.88
creme	3.12
crems	0.00
crena	0.00
crepe	2.87
creps	1.21
crept	3.15
crepy	0.00
cress	2.49
crest	3.65
crewe	2.96
crews	3.89
crias	0.00
cribs	2.71
crick	2.80
cried	4.19
crier	2.42
cries	3.93
crime	4.89
crimp	2.61
crims	1.84
crine	1.12
crios	0.00
cripe	1.21
crips	2.48
crise	1.82
crisp	3.70
crith	0.00
crits	1.81
croak	2.40
croci	1.20
crock	3.03
crocs	2.87
croft	3.17
crogs	0.00
cromb	0.00
crome	1.76
crone	2.60
cronk	2.25
crons	0.00
crony	2.73
crook	3.41
crool	0.00
croon	2.20
crops	4.05
crore	3.37
cross	5.00
crost	0.00
croup	2.23
crout	1.19
crowd	4.70
crown	4.56
crows	3.47
croze	1.19
cruck	1.19
crude	4.00
crudo	1.70
cruds	0.00
crudy	0.00
cruel	4.12
crues	1.20
cruet	1.71
cruft	1.69
crumb	2.97
crump	2.75
crunk	2.23
cruor	0.00
crura	1.16
cruse	2.18
crush	4.17
crust	3.70
crusy	0.00
cruve	0.00
crwth	0.00
cryer	2.34
crypt	3.10
ctene	0.00
cubby	2.55
cubeb	1.10
cubed	2.53
cuber	1.43
cubes	3.43
cubic	3.71
cubit	2.07
cuddy	2.53
cuffo	0.00
cuffs	3.24
cuifs	0.00
cuing	1.67
cuish	0.00
cuits	0.00
cukes	1.40
culch	0.00
culet	1.07
culex	2.09
culls	2.20
cully	2.07
culms	1.66
culpa	2.53
culti	1.26
cults	3.15
culty	1.85
cumec	0.00
cumin	3.01
cundy	1.73
cunei	0.00
cunit	0.00
cunts	3.33
cupel	0.00
cupid	3.20
cuppa	2.70
cuppy	1.72
curat	0.00
curbs	2.78
curch	0.00
curds	2.48
curdy	1.06
cured	3.74
curer	1.12
cures	3.34
curet	1.11
curfs	0.00
curia	2.56
curie	2.88
curio	2.43
curli	0.00
curls	3.42
curly	3.60
curns	0.00
curny	0.00
currs	0.00
curry	3.96
curse	4.07
cursi	1.14
curst	1.40
curve	4.14
curvy	3.15
cusec	0.00
cushy	2.66
cusks	0.00
cusps	2.20
cuspy	0.00
cusso	0.00
cusum	0.00
cutch	2.14
cuter	2.93
cutes	1.43
cutey	1.66
cutie	3.32
cutin	0.00
cutis	1.65
cutto	0.00
cutty	2.41
cutup	1.21
cuvee	1.90
cuzes	0.00
cwtch	1.21
cyano	1.77
cyans	0.00
cyber	3.98
cycad	1.54
cycas	1.40
cycle	4.60
cyclo	2.21
cyder	1.38
cylix	0.00
cymae	0.00
cymar	0.00
cymas	0.00
cymes	1.53
cymol	0.00
cynic	2.81
cysts	2.91
cytes	0.00
cyton	0.00
czars	2.10
daals	0.00
dabba	1.89
daces	0.00
dacha	2.15
dacks	1.37
dadah	0.00
dadas	1.07
daddy	4.36
dados	1.53
daffs	1.43
daffy	2.67
dagga	1.67
daggy	1.46
dagos	1.06
dahls	1.03
daiko	0.00
daily	5.07
daine	1.38
daint	0.00
dairy	4.09
daisy	3.78
daker	0.00
daled	0.00
dales	2.82
dalis	1.35
dalle	1.92
dally	2.78
dalts	0.00
daman	2.15
damar	1.98
dames	2.97
damme	2.49
damns	2.00
damps	1.71
dampy	0.00
dance	4.93
dancy	2.20
dandy	3.25
dangs	1.17
danio	1.38
danks	2.08
danny	4.25
dants	0.00
daraf	0.00
darbs	0.00
darcy	3.32
dared	3.52
darer	0.00
dares	3.22
darga	1.13
dargs	0.00
daric	1.39
daris	1.31
darks	2.06
darky	1.73
darns	1.03
darre	1.16
darts	3.41
darzi	1.52
dashi	2.04
dashy	1.21
datal	0.00
dated	4.29
dater	1.98
dates	4.54
datos	1.67
datto	1.68
datum	2.52
daube	1.58
daubs	1.55
dauby	0.00
dauds	0.00
dault	0.00
daunt	2.04
daurs	0.00
dauts	0.00
daven	1.61
davit	1.89
dawah	2.04
dawds	0.00
dawed	0.00
dawen	0.00
dawks	0.00
dawns	2.64
dawts	0.00
dayan	2.45
daych	0.00
daynt	0.00
dazed	3.13
dazer	0.00
dazes	0.00
deads	2.03
deair	0.00
deals	4.59
dealt	4.20
deans	3.06
deare	1.61
dearn	0.00
dears	2.44
deary	2.14
deash	0.00
death	5.40
deave	0.00
deaws	0.00
deawy	0.00
debag	0.00
debar	1.96
debby	2.61
debel	0.00
debes	1.27
debit	3.62
debts	3.99
debud	0.00
debug	2.86
debur	0.00
debus	1.46
debut	4.52
debye	2.01
decad	1.31
decaf	2.63
decal	3.01
decan	1.27
decay	3.83
decko	0.00
decks	3.61
decor	3.65
decos	1.07
decoy	3.04
decry	2.60
dedal	0.00
deeds	3.79
deedy	1.35
deely	1.28
deems	3.10
deens	0.00
deeps	2.15
deere	2.91
deers	2.16
deets	2.39
deeve	0.00
deevs	0.00
defat	0.00
defer	3.20
deffo	2.09
defis	0.00
defog	1.03
degas	2.69
degum	0.00
degus	1.07
deice	0.00
deids	0.00
deify	1.82
deign	2.26
deils	0.00
deism	2.24
deist	2.12
deity	3.55
deked	1.01
dekes	1.09
dekko	1.09
delay	4.40
deled	0.00
deles	1.39
delfs	0.00
delft	2.72
delis	2.11
dells	2.37
delly	2.07
delos	2.52
delph	2.39
delta	4.12
delts	1.80
delve	3.14
deman	1.95
demes	1.28
demic	1.38
demit	1.15
demob	1.46
demoi	0.00
demon	4.06
demos	3.40
dempt	0.00
demur	1.78
denar	1.21
denay	0.00
dench	2.50
denes	1.64
denet	0.00
denim	3.52
denis	3.62
dense	3.98
dents	2.83
deoxy	2.01
depot	3.95
depth	4.55
derat	0.00
deray	1.74
derby	4.10
dered	0.00
deres	1.44
derig	0.00
derma	2.08
derms	0.00
derns	0.00
derny	1.34
deros	1.10
derro	0.00
derry	3.19
derth	0.00
dervs	0.00
desex	0.00
deshi	1.59
desis	1.68
desks	3.39
desse	1.14
deter	3.48
detox	3.29
deuce	2.94
devas	2.22
devel	2.65
devil	4.30
devis	1.61
devon	3.84
devos	2.74
devot	0.00
dewan	2.50
dewar	2.71
dewax	0.00
dewed	0.00
dexes	0.00
dexie	0.00
dhaba	1.70
dhaks	0.00
dhals	0.00
dhikr	1.83
dhobi	1.67
dhole	1.58
dholl	0.00
dhols	0.00
dhoti	2.00
dhows	1.70
dhuti	0.00
diact	0.00
dials	3.00
diane	3.83
diary	4.09
diazo	1.71
dibbs	1.65
diced	3.04
dicer	1.80
dices	2.02
dicey	2.67
dicht	1.02
dicks	3.63
dicky	2.73
dicot	1.41
dicta	2.06
dicts	0.00
dicty	0.00
diddy	2.97
didie	0.00
didos	0.00
didst	2.44
diebs	0.00
diels	1.98
diene	2.09
diets	3.66
diffs	1.73
dight	1.47
digit	3.77
dikas	0.00
diked	1.08
diker	1.10
dikes	2.55
dikey	0.00
dildo	3.40
dilli	1.96
dills	1.55
dilly	2.64
dimbo	0.00
dimer	2.55
dimes	2.93
dimly	2.79
dimps	1.28
dinar	2.58
dined	2.98
diner	3.48
dines	2.42
dinge	1.63
dingo	2.75
dings	2.64
dingy	2.82
dinic	0.00
dinks	2.08
dinky	2.63
dinna	2.01
dinos	2.52
dints	0.00
diode	3.06
diols	1.62
diota	0.00
dippy	2.23
dipso	0.00
diram	0.00
direr	1.05
dirge	2.38
dirke	0.00
dirks	2.17
dirls	0.00
dirts	1.28
dirty	4.55
disas	1.12
disci	1.08
disco	3.78
discs	3.60
dishy	1.78
disks	3.39
disme	0.00
dital	0.00
ditas	0.00
ditch	3.90
dited	0.00
dites	1.59
ditsy	1.81
ditto	3.38
ditts	0.00
ditty	2.58
ditzy	2.24
divan	2.53
divas	3.05
dived	2.97
diver	3.41
dives	3.30
divis	1.86
divna	0.00
divos	0.00
divot	2.12
divvy	2.22
diwan	2.29
dixie	3.37
dixit	2.53
diyas	1.73
dizen	0.00
dizzy	3.43
djinn	2.47
djins	0.00
doabs	0.00
doats	1.19
dobby	2.63
dobes	1.21
dobie	2.30
dobla	0.00
dobra	1.39
dobro	2.02
docht	0.00
docks	3.56
docos	0.00
docus	0.00
doddy	1.31
dodge	3.93
dodgy	3.32
dodos	1.80
doeks	0.00
doers	2.62
doest	2.08
doeth	2.02
doffs	1.33
dogan	1.93
doges	1.93
dogey	0.00
doggo	2.89
doggy	3.33
dogie	1.12
dogma	3.27
dohyo	0.00
doilt	0.00
doily	2.11
doing	5.60
doits	0.00
dojos	1.79
dolce	3.07
dolci	1.64
doled	2.27
doles	2.10
dolia	0.00
dolls	3.81
dolly	3.54
dolma	1.55
dolor	2.25
dolos	0.00
dolts	1.89
domal	0.00
domed	2.85
domes	3.00
domic	0.00
donah	0.00
donas	1.42
donee	1.95
doner	2.14
donga	1.81
dongs	2.31
donko	0.00
donna	3.84
donne	2.75
donny	3.25
donor	3.92
donsy	0.00
donut	3.31
doobs	0.00
dooce	0.00
doody	2.31
dooks	1.17
doole	1.05
dools	0.00
dooly	1.59
dooms	2.16
doomy	1.71
doona	1.88
doorn	1.82
doors	4.54
doozy	2.48
dopas	0.00
doped	2.94
doper	1.85
dopes	2.10
dopey	2.68
dorad	0.00
dorba	0.00
dorbs	0.00
doree	1.29
dores	1.81
doric	2.52
doris	3.58
dorks	2.59
dorky	2.72
dorms	2.99
dormy	1.21
dorps	0.00
dorrs	0.00
dorsa	1.61
dorse	0.00
dorts	0.00
dorty	0.00
dosai	0.00
dosas	1.52
dosed	2.62
doseh	0.00
doser	1.21
doses	3.78
dosha	1.53
dotal	0.00
doted	2.17
doter	0.00
dotes	2.03
dotty	2.50
douar	0.00
doubt	4.90
douce	2.16
doucs	0.00
dough	3.86
douks	0.00
doula	2.26
douma	2.24
doums	0.00
doups	0.00
doura	1.25
douse	2.59
douts	0.00
doved	0.00
doven	0.00
dover	3.57
doves	3.10
dovie	1.26
dowar	0.00
dowds	1.13
dowdy	2.41
dowed	0.00
dowel	2.38
dower	2.42
dowie	2.06
dowle	0.00
dowls	0.00
dowly	0.00
downa	0.00
downs	3.93
downy	2.60
dowps	0.00
dowry	3.13
dowse	1.88
dowts	0.00
doxed	1.58
doxes	0.00
doxie	1.67
doyen	2.25
doyly	0.00
dozed	2.53
dozen	4.35
dozer	2.38
dozes	1.67
drabs	1.76
drack	1.16
draco	3.04
draff	0.00
draft	4.61
drags	3.24
drail	0.00
drain	4.07
drake	3.96
drama	4.67
drams	2.07
drank	3.95
drant	0.00
drape	2.74
draps	0.00
drats	1.30
drave	1.11
drawl	2.48
drawn	4.53
draws	4.10
drays	1.47
dread	3.64
dream	4.91
drear	1.47
dreck	1.90
dreed	0.00
dreer	0.00
drees	1.66
dregs	2.62
dreks	0.00
drent	1.08
drere	0.00
dress	4.76
drest	1.31
dreys	0.00
dribs	1.54
drice	0.00
dried	4.04
drier	3.19
dries	3.20
drift	3.82
drill	4.09
drily	1.97
drink	4.90
drips	2.85
dript	0.00
drive	5.13
droid	3.23
droil	0.00
droit	2.50
droke	0.00
drole	1.12
droll	2.58
drome	1.77
drone	4.00
drony	0.00
droob	0.00
droog	1.61
drook	0.00
drool	3.04
droop	2.51
drops	4.33
dropt	1.27
dross	2.37
drouk	0.00
drove	4.36
drown	3.68
drows	0.00
drubs	0.00
drugs	4.77
druid	2.99
drums	3.93
drunk	4.61
drupe	1.69
druse	1.83
drusy	1.29
druxy	0.00
dryad	2.12
dryas	1.88
dryer	3.54
dryly	2.33
dsobo	0.00
dsomo	0.00
duads	0.00
duals	2.20
duans	0.00
duars	0.00
dubbo	2.35
ducal	2.39
ducat	1.96
duces	1.77
duchy	3.00
ducks	3.90
ducky	2.68
ducts	3.11
duddy	2.20
duded	0.00
dudes	3.95
duels	2.87
duets	2.79
duett	1.07
duffs	1.64
dufus	1.59
duing	1.29
duits	0.00
dukas	1.46
duked	1.44
dukes	3.23
dukka	0.00
dulce	2.67
dules	0.00
dulia	1.04
dulls	2.12
dully	1.87
dulse	1.45
dumas	2.89
dumbo	2.73
dumbs	1.79
dumka	1.57
dumky	0.00
dummy	3.64
dumps	3.35
dumpy	2.32
dunam	1.07
dunce	2.50
dunch	1.02
dunes	3.37
dungs	1.06
dungy	2.11
dunks	2.80
dunno	3.76
dunny	1.85
dunsh	0.00
dunts	0.00
duomi	0.00
duomo	2.44
duped	3.08
duper	2.88
dupes	2.48
duple	1.69
duply	0.00
duppy	1.63
dural	2.14
duras	2.17
dured	0.00
dures	1.04
durgy	0.00
durns	0.00
duroc	1.76
duros	1.36
duroy	1.36
durra	1.18
durrs	0.00
durry	1.07
durst	2.70
durum	2.08
durzi	0.00
dusks	1.05
dusky	2.83
dusts	2.28
dusty	3.67
dutch	4.41
duvet	2.99
duxes	0.00
dwaal	0.00
dwale	0.00
dwalm	0.00
dwams	0.00
dwang	0.00
dwarf	3.75
dwaum	0.00
dweeb	2.37
dwell	3.57
dwelt	2.65
dwile	0.00
dwine	0.00
dyads	1.80
dyers	2.05
dying	4.63
dyked	0.00
dykes	2.89
dykey	0.00
dykon	0.00
dynel	0.00
dynes	1.67
dzhos	0.00
eager	4.03
eagle	4.13
eagre	0.00
ealed	0.00
eales	1.88
eaned	0.00
eards	0.00
eared	2.84
earls	2.87
early	5.43
earns	3.56
earnt	2.13
earst	0.00
earth	5.06
eased	3.25
easel	2.68
easer	1.39
eases	2.93
easle	0.00
easts	2.09
eaten	4.13
eater	3.42
eathe	0.00
eaved	0.00
eaves	2.85
ebbed	2.23
ebbet	0.00
ebons	0.00
ebony	3.34
ebook	3.71
ecads	0.00
eched	0.00
eches	0.00
echos	2.39
eclat	1.67
ecrus	0.00
edema	2.95
edged	3.55
edger	1.91
edges	4.09
edict	3.10
edify	1.96
edile	0.00
edits	3.44
educe	1.01
educt	0.00
eejit	1.77
eensy	0.00
eerie	3.33
eeven	0.00
eevns	0.00
effed	2.08
egads	1.56
egers	0.00
egest	0.00
eggar	1.55
egged	2.49
egger	2.04
egmas	0.00
egret	2.32
ehing	0.00
eider	2.11
eidos	1.95
eight	5.02
eigne	0.00
eiked	0.00
eikon	1.80
eilds	0.00
eisel	1.36
eject	2.99
ejido	1.72
eking	1.94
ekkas	0.00
elain	1.30
eland	2.15
elans	0.00
elate	1.33
elbow	3.84
elchi	0.00
elder	4.06
eldin	1.87
elect	4.03
elegy	2.71
elemi	1.06
elfed	1.03
elfin	2.26
eliad	0.00
elide	1.75
elint	1.35
elite	4.40
elmen	0.00
eloge	0.00
elogy	0.00
eloin	0.00
elope	2.50
elops	0.00
elpee	0.00
elsin	0.00
elude	2.78
elute	1.45
elvan	1.68
elven	2.63
elver	1.38
elves	3.40
emacs	2.47
email	4.68
embar	1.43
embay	0.00
embed	2.94
ember	2.97
embog	0.00
embow	0.00
embox	0.00
embus	0.00
emcee	2.73
emeer	0.00
emend	1.79
emerg	2.17
emery	3.30
emeus	0.00
emics	0.00
emirs	1.93
emits	3.02
emmas	1.29
emmer	2.00
emmet	2.87
emmew	0.00
emmys	2.97
emoji	3.23
emong	1.02
emote	2.46
emove	0.00
empts	1.48
empty	4.59
emule	1.26
emure	0.00
emyde	0.00
emyds	0.00
enact	3.43
enarm	0.00
enate	0.00
ended	4.92
ender	2.78
endew	0.00
endow	2.43
endue	1.10
enema	2.85
enemy	4.70
enews	1.92
enfix	0.00
eniac	1.78
enjoy	5.09
enlit	0.00
enmew	0.00
ennog	0.00
ennui	2.41
enoki	1.68
enols	0.00
enorm	0.00
enows	0.00
enrol	2.67
ensew	0.00
ensky	0.00
ensue	2.91
enter	4.81
entia	1.05
entry	4.67
enure	1.03
enurn	0.00
envoi	1.48
envoy	3.48
enzym	0.00
eorls	0.00
eosin	1.86
epact	1.37
epees	0.00
ephah	1.44
ephas	0.00
ephod	1.59
ephor	0.00
epics	2.91
epoch	3.19
epode	1.18
epopt	0.00
epoxy	3.10
epris	0.00
equal	4.65
eques	1.23
equid	1.21
equip	3.50
erase	3.66
erbia	0.00
erect	3.52
erevs	0.00
ergon	1.81
ergos	0.00
ergot	2.09
erhus	0.00
erica	3.56
erick	2.89
erics	1.39
ering	1.43
erned	0.00
ernes	0.00
erode	3.03
erose	0.00
erred	2.81
error	4.55
erses	0.00
eruct	0.00
erugo	0.00
erupt	2.97
eruvs	0.00
erven	1.33
ervil	0.00
escar	0.00
escot	0.00
esile	0.00
eskar	0.00
esker	1.73
esnes	0.00
essay	4.23
esses	1.92
ester	3.06
estoc	0.00
estop	1.25
estro	1.50
etage	1.26
etape	1.31
etats	1.69
etens	0.00
ethal	0.00
ether	3.40
ethic	3.54
ethne	1.29
ethos	3.32
ethyl	2.93
etics	0.00
etnas	0.00
ettin	1.09
ettle	0.00
etude	2.57
etuis	0.00
etwee	0.00
etyma	0.00
eughs	0.00
euked	0.00
eupad	0.00
euros	3.78
eusol	0.00
evade	3.39
evens	2.71
event	5.18
evert	2.54
every	5.79
evets	0.00
evhoe	0.00
evict	2.97
evils	3.35
evite	1.55
evohe	0.00
evoke	3.27
ewers	1.98
ewest	0.00
ewhow	0.00
ewked	0.00
exact	4.51
exalt	2.60
exams	4.00
excel	3.73
exeat	1.06
execs	3.01
exeem	0.00
exeme	0.00
exert	3.36
exfil	1.21
exies	0.00
exile	3.84
exine	0.00
exing	0.00
exist	4.73
exits	3.53
exode	0.00
exome	1.94
exons	2.24
expat	3.01
expel	3.26
expos	2.62
extol	2.30
extra	4.98
exude	2.52
exuls	0.00
exult	1.80
exurb	1.13
eyass	0.00
eyers	1.29
eying	2.14
eyots	0.00
eyras	0.00
eyres	1.61
eyrie	2.25
eyrir	0.00
ezine	2.04
fabby	1.53
fable	3.16
faced	4.49
facer	1.66
faces	4.59
facet	3.18
facia	1.74
facta	1.67
facts	4.72
faddy	1.39
faded	3.73
fader	2.58
fades	3.41
fadge	0.00
fados	0.00
faena	1.46
faery	2.03
faffs	0.00
faffy	0.00
faggy	1.94
fagin	2.29
fagot	1.98
faiks	0.00
fails	4.26
faine	1.65
fains	0.00
faint	3.78
fairs	3.39
fairy	4.08
faith	4.82
faked	3.35
faker	2.81
fakes	3.23
fakey	1.43
fakie	1.62
fakir	2.17
falaj	0.00
falls	4.63
false	4.63
famed	3.60
fames	1.69
fanal	0.00
fancy	4.35
fands	0.00
fanes	1.26
fanga	0.00
fango	1.19
fangs	3.02
fanks	0.00
fanny	3.47
fanon	2.36
fanos	0.00
fanum	0.00
faqir	1.40
farad	1.70
farce	3.33
farci	0.00
farcy	1.09
fards	0.00
fared	3.08
farer	1.21
fares	3.61
farle	0.00
farls	0.00
farms	4.14
faros	1.32
farro	2.03
farse	1.12
farts	3.19
fasci	1.52
fasti	2.06
fasts	2.53
fatal	4.10
fated	3.19
fates	3.18
fatly	0.00
fatso	2.14
fatty	3.80
fatwa	2.70
faugh	1.20
fauld	0.00
fault	4.64
fauna	3.52
fauns	1.66
faurd	0.00
fauts	0.00
fauve	1.58
favas	0.00
favel	1.18
faver	1.19
faves	2.86
favor	4.58
favus	0.00
fawns	2.18
fawny	0.00
faxed	2.47
faxes	2.45
fayed	2.25
fayer	1.19
fayne	1.58
fayre	2.31
fazed	2.26
fazes	1.58
feals	0.00
feare	1.36
fears	4.17
feart	1.11
fease	0.00
feast	3.95
feats	3.23
feaze	0.00
fecal	3.01
feces	3.22
fecht	1.26
fecit	1.69
fecks	0.00
fedex	3.41
feebs	0.00
feeds	3.89
feels	4.90
feens	0.00
feers	0.00
feese	0.00
feeze	0.00
fehme	0.00
feign	2.58
feint	2.52
feist	2.22
felch	1.58
felid	1.34
fella	3.49
fells	2.62
felly	1.59
felon	3.17
felts	2.08
felty	1.65
femal	1.32
femes	0.00
femme	3.19
femmy	1.01
femur	3.00
fence	4.21
fends	2.00
fendy	0.00
fenis	0.00
fenks	0.00
fenny	1.73
fents	0.00
feods	0.00
feoff	0.00
feral	3.29
ferer	0.00
feres	1.41
feria	2.20
ferly	0.00
fermi	2.83
ferms	0.00
ferns	3.12
ferny	1.87
ferry	4.02
fesse	1.27
festa	2.42
fests	2.32
festy	1.09
fetal	3.40
fetas	0.00
fetch	3.65
feted	2.20
fetes	2.08
fetid	2.29
fetor	0.00
fetta	1.25
fetts	0.00
fetus	3.60
fetwa	0.00
feuar	0.00
feuds	2.89
feued	0.00
fever	4.22
fewer	4.31
feyed	0.00
feyer	1.17
feyly	0.00
fezes	0.00
fezzy	0.00
fiars	0.00
fiats	1.71
fiber	4.06
fibre	3.67
fibro	2.37
fices	0.00
fiche	1.71
fichu	0.00
ficin	0.00
ficos	0.00
ficus	2.42
fides	2.56
fidge	0.00
fidos	0.00
fiefs	2.19
field	5.24
fiend	3.10
fient	0.00
fiere	1.21
fiers	2.02
fiery	3.57
fiest	1.26
fifed	0.00
fifer	1.99
fifes	1.63
fifis	0.00
fifth	4.78
fifty	4.29
figgy	1.83
fight	5.23
figos	0.00
fiked	0.00
fikes	1.17
filar	1.19
filch	1.97
filed	4.49
filer	2.45
files	4.46
filet	2.80
filii	1.80
filks	0.00
fille	2.37
fillo	1.03
fills	3.71
filly	3.15
filmi	1.56
films	4.64
filmy	2.13
filos	1.11
filth	3.41
filum	1.22
final	5.28
finca	2.12
finch	3.55
finds	4.61
fined	3.70
finer	3.40
fines	3.78
finis	2.28
finks	2.00
finny	1.97
finos	1.18
fiord	1.87
fiqhs	0.00
fique	0.00
fired	4.63
firer	1.56
fires	4.17
firie	0.00
firks	0.00
firms	4.38
firns	0.00
firry	0.00
first	6.11
firth	3.18
fiscs	0.00
fishy	3.28
fisks	0.00
fists	3.43
fisty	1.24
fitch	3.26
fitly	1.46
fitna	1.78
fitte	1.24
fitts	2.01
fiver	2.71
fives	3.11
fixed	4.70
fixer	3.04
fixes	3.59
fixit	1.98
fizzy	2.82
fjeld	1.11
fjord	2.81
flabs	0.00
flack	2.95
flaff	0.00
flags	4.09
flail	2.55
flair	3.54
flake	3.21
flaks	1.10
flaky	2.87
flame	4.07
flamm	1.42
flams	1.14
flamy	0.00
flane	0.00
flank	3.64
flans	1.52
flaps	3.20
flare	3.64
flary	0.00
flash	4.45
flask	3.20
flats	3.77
flava	2.36
flawn	0.00
flaws	3.85
flawy	0.00
flaxy	0.00
flays	1.66
fleam	0.00
fleas	3.11
fleck	2.57
fleek	2.03
fleer	1.90
flees	2.88
fleet	4.33
flegs	0.00
fleme	0.00
flesh	4.20
fleur	2.96
flews	0.00
flexi	2.39
flexo	1.75
fleys	0.00
flick	3.63
flics	1.39
flied	2.00
flier	2.92
flies	4.09
flimp	0.00
flims	1.35
fling	3.33
flint	3.77
flips	3.29
flirs	0.00
flirt	3.52
flisk	0.00
flite	1.83
flits	2.01
flitt	0.00
float	3.94
flobs	0.00
flock	3.69
flocs	1.26
floes	2.17
flogs	1.61
flong	0.00
flood	4.34
floor	4.94
flops	3.30
flora	3.70
flors	0.00
flory	2.11
flosh	0.00
floss	3.18
flota	1.38
flote	0.00
flour	4.00
flout	2.25
flown	3.83
flows	4.14
flubs	1.81
flued	0.00
flues	1.88
fluey	0.00
fluff	3.20
fluid	4.22
fluke	3.14
fluky	1.60
flume	2.81
flump	1.11
flung	3.33
flunk	2.17
fluor	2.19
flurr	0.00
flush	3.80
flute	3.52
fluty	0.00
fluyt	0.00
flyby	2.49
flyer	3.58
flype	0.00
flyte	1.78
foals	2.63
foams	2.76
foamy	2.41
focal	3.67
focus	5.00
foehn	1.48
fogey	1.66
foggy	3.19
fogie	0.00
fogle	2.13
fogou	0.00
fohns	0.00
foids	0.00
foils	2.81
foins	0.00
foist	2.14
folds	3.43
foley	3.50
folia	1.86
folic	2.71
folie	2.08
folio	3.11
folks	4.59
folky	1.95
folly	3.34
fomes	1.23
fonda	2.98
fonds	2.20
fondu	1.29
fones	1.53
fonly	0.00
fonts	3.24
foods	4.41
foody	1.64
fools	3.88
foots	2.21
footy	3.15
foram	1.38
foray	3.04
forbs	1.77
forby	1.16
force	5.23
fordo	1.25
fords	2.74
forel	1.89
fores	1.69
forex	3.64
forge	3.78
forgo	2.99
forks	3.45
forky	1.28
forme	2.44
forms	4.73
forte	3.24
forth	4.40
forts	3.23
forty	4.20
forum	4.38
forza	3.10
forze	1.25
fossa	2.57
fosse	2.43
fouat	0.00
fouds	0.00
fouer	0.00
fouet	0.00
foule	1.17
fouls	3.15
found	5.68
fount	2.28
fours	3.24
fouth	1.25
fovea	2.02
fowls	2.18
fowth	0.00
foxed	1.82
foxes	3.42
foxie	1.09
foyer	3.09
foyle	2.61
foyne	0.00
frabs	0.00
frack	2.44
fract	0.00
frags	1.92
frail	3.28
fraim	0.00
frame	4.58
franc	3.11
frank	4.75
frape	0.00
fraps	1.77
frass	1.75
frate	1.42
frati	1.38
frats	1.91
fraud	4.37
fraus	0.00
frays	1.70
freak	4.08
freed	3.85
freer	2.99
frees	3.18
freet	0.00
freit	0.00
fremd	1.31
frena	1.05
freon	2.22
frere	2.44
fresh	4.83
frets	2.65
friar	3.04
fribs	0.00
fried	4.06
frier	1.76
fries	3.81
frigs	0.00
frill	2.31
frise	1.95
frisk	2.92
frist	2.38
frith	2.60
frits	1.99
fritt	0.00
fritz	3.42
frize	1.22
frizz	2.40
frock	2.88
froes	0.00
frogs	3.56
frond	2.23
frons	1.79
front	5.28
frore	0.00
frorn	0.00
frory	0.00
frosh	2.29
frost	3.95
froth	2.75
frown	3.26
frows	0.00
frowy	0.00
froze	3.42
frugs	0.00
fruit	4.57
frump	1.72
frush	1.04
frust	0.00
fryer	2.99
fubar	2.32
fubby	0.00
fubsy	0.00
fucks	3.90
fucus	1.57
fuddy	2.06
fudge	3.33
fudgy	1.73
fuels	3.82
fuero	1.18
fuffs	0.00
fuffy	0.00
fugal	1.66
fuggy	0.00
fugie	0.00
fugio	0.00
fugle	0.00
fugly	2.37
fugue	2.73
fugus	0.00
fujis	0.00
fulls	1.81
fully	4.89
fumed	2.25
fumer	0.00
fumes	3.34
fumet	0.00
fundi	1.60
funds	4.74
fundy	2.38
fungi	3.48
fungo	1.31
fungs	0.00
funks	1.59
funky	3.63
funny	5.02
fural	0.00
furan	1.76
furca	1.17
furls	0.00
furol	0.00
furor	2.52
furrs	0.00
furry	3.56
furth	2.10
furze	2.00
furzy	0.00
fused	3.40
fusee	1.48
fusel	1.33
fuses	3.07
fusil	1.56
fusks	0.00
fussy	3.04
fusts	0.00
fusty	1.66
futon	2.56
fuzed	1.13
fuzee	0.00
fuzes	1.75
fuzil	0.00
fuzzy	3.65
fyces	0.00
fyked	0.00
fykes	0.00
fyles	1.08
fyrds	0.00
fytte	0.00
gabba	2.48
gabby	3.16
gable	3.08
gaddi	1.56
gades	1.51
gadge	1.37
gadid	0.00
gadis	1.50
gadje	0.00
gadjo	0.00
gadso	0.00
gaffe	2.66
gaffs	1.71
gaged	1.35
gager	1.26
gages	2.06
gaids	0.00
gaily	2.20
gains	4.25
gairs	0.00
gaita	1.31
gaits	1.88
gaitt	0.00
gajos	0.00
galah	1.56
galas	2.26
galax	1.90
galea	2.03
galed	0.00
gales	2.81
galls	2.34
gally	2.19
galop	1.46
galut	1.01
galvo	0.00
gamas	0.00
gamay	1.77
gamba	2.28
gambe	0.00
gambo	1.46
gambs	0.00
gamed	2.25
gamer	3.62
games	5.44
gamey	2.09
gamic	0.00
gamin	1.70
gamma	3.70
gamme	1.23
gammy	2.14
gamps	0.00
gamut	2.87
ganch	0.00
gandy	2.48
ganef	0.00
ganev	1.21
gangs	3.73
ganja	2.72
ganof	0.00
gants	1.47
gaols	1.60
gaped	2.03
gaper	1.21
gapes	2.08
gapos	0.00
gappy	1.62
garbe	1.50
garbo	2.55
garbs	1.50
garda	2.86
gares	1.01
garis	1.83
garms	1.47
garni	1.90
garre	1.11
garth	3.31
garum	1.32
gases	3.73
gasps	2.92
gaspy	0.00
gassy	2.38
gasts	0.00
gatch	1.44
gated	3.23
gater	1.49
gates	4.30
gaths	0.00
gator	3.19
gauch	0.00
gaucy	0.00
gauds	0.00
gaudy	2.83
gauge	4.02
gauje	0.00
gault	2.46
gaums	0.00
gaumy	0.00
gaunt	2.90
gaups	0.00
gaurs	0.00
gauss	2.83
gauze	2.89
gauzy	2.16
gavel	2.66
gavot	0.00
gawcy	0.00
gawds	1.13
gawks	1.04
gawky	1.91
gawps	0.00
gawsy	0.00
gayal	0.00
gayer	2.37
gayly	1.17
gazal	1.56
gazar	0.00
gazed	2.83
gazer	1.96
gazes	2.61
gazon	0.00
gazoo	1.76
geals	0.00
geans	0.00
geare	0.00
gears	3.67
geats	1.46
gebur	0.00
gecko	2.91
gecks	0.00
geeks	3.27
geeky	2.94
geeps	0.00
geese	3.35
geest	1.56
geist	2.57
geits	0.00
gelds	0.00
gelee	1.22
gelid	1.31
gelly	1.57
gelts	0.00
gemel	0.00
gemma	3.33
gemmy	1.27
gemot	0.00
genal	1.44
genas	0.00
genes	4.14
genet	2.42
genic	1.62
genie	3.41
genii	2.24
genip	0.00
genny	2.17
genoa	3.18
genom	1.50
genre	4.17
genro	1.23
gents	3.15
genty	0.00
genua	1.32
genus	3.73
geode	2.06
geoid	1.78
gerah	0.00
gerbe	1.54
geres	0.00
gerle	0.00
germs	3.39
germy	1.63
gerne	1.28
gesse	0.00
gesso	1.98
geste	2.05
gests	0.00
getas	0.00
getup	2.50
geums	0.00
geyan	0.00
geyer	2.44
ghast	1.52
ghats	2.42
ghaut	1.35
ghazi	2.69
ghees	0.00
ghest	0.00
ghost	4.42
ghoul	2.89
ghyll	1.32
giant	4.62
gibed	0.00
gibel	0.00
giber	0.00
gibes	1.56
gibli	0.00
gibus	1.29
giddy	3.22
gifts	4.38
gigas	2.12
gighe	0.00
gigot	1.41
gigue	1.39
gilas	1.79
gilds	1.58
gilet	1.90
gills	3.06
gilly	2.61
gilpy	0.00
gilts	2.31
gimel	1.33
gimme	3.57
gimps	1.77
gimpy	1.89
ginch	0.00
ginge	1.75
gings	0.00
ginks	0.00
ginny	2.98
ginzo	0.00
gipon	0.00
gippo	0.00
gippy	1.17
gipsy	2.65
girds	1.44
girls	5.17
girly	3.23
girns	0.00
giron	1.94
giros	1.19
girrs	0.00
girsh	0.00
girth	2.92
girts	1.09
gismo	1.29
gisms	0.00
gists	1.83
gitch	0.00
gites	1.04
giust	0.00
gived	1.30
given	5.41
giver	3.20
gives	5.03
gizmo	2.61
glace	2.27
glade	2.78
glads	1.52
glady	1.62
glaik	0.00
glair	0.00
glams	1.15
gland	3.38
glans	2.42
glare	3.36
glary	1.10
glass	4.85
glaum	0.00
glaur	0.00
glaze	3.28
glazy	0.00
gleam	2.97
glean	2.73
gleba	1.26
glebe	2.63
gleby	0.00
glede	0.00
gleds	0.00
gleed	1.26
gleek	1.47
glees	1.62
gleet	0.00
gleis	1.01
glens	2.66
glent	0.00
gleys	0.00
glial	2.46
glias	0.00
glibs	0.00
glide	3.33
gliff	0.00
glift	0.00
glike	0.00
glime	0.00
glims	0.00
glint	2.65
glisk	0.00
glits	0.00
glitz	2.66
gloam	0.00
gloat	2.62
globe	4.28
globi	0.00
globs	1.91
globy	0.00
glode	0.00
glogg	0.00
gloms	0.00
gloom	3.31
gloop	1.91
glops	0.00
glory	4.36
gloss	3.47
glost	0.00
glout	0.00
glove	3.73
glows	2.93
gloze	0.00
glued	3.41
gluer	1.12
glues	2.42
gluey	1.68
glugs	1.15
glume	1.39
glums	0.00
gluon	2.16
glute	2.08
gluts	1.63
glyph	2.70
gnarl	1.23
gnarr	1.14
gnars	0.00
gnash	2.03
gnats	2.46
gnawn	0.00
gnaws	1.95
gnome	3.20
gnows	0.00
goads	1.91
goafs	0.00
goals	4.95
goary	0.00
goats	3.72
goaty	1.28
goban	0.00
gobar	1.47
gobbi	1.76
gobbo	1.51
gobby	1.80
gobis	0.00
gobos	1.24
godet	1.52
godly	3.26
godso	0.00
goels	0.00
goers	3.09
goest	1.75
goeth	2.23
goety	0.00
gofer	1.69
goffs	1.42
gogga	0.00
gogos	1.30
goier	0.00
going	5.94
gojis	0.00
golds	3.13
goldy	2.35
golem	2.79
goles	1.16
golfs	1.97
golly	2.71
golpe	1.37
golps	0.00
gombo	1.06
gomer	2.33
gompa	1.65
gonad	1.88
gonch	0.00
gonef	0.00
goner	2.45
gongs	2.45
gonia	0.00
gonif	0.00
gonks	0.00
gonna	5.29
gonof	0.00
gonys	0.00
gonzo	2.80
gooby	1.55
goods	4.60
goody	3.04
gooey	2.86
goofs	2.19
goofy	3.57
googs	0.00
gooks	1.66
gooky	0.00
goold	2.05
gools	0.00
gooly	0.00
goons	3.21
goony	1.41
goops	0.00
goopy	1.88
goors	0.00
goory	0.00
goose	3.84
goosy	1.01
gopak	0.00
gopik	0.00
goral	1.42
goras	1.12
gored	2.23
gores	2.10
gorge	3.40
goris	1.27
gorms	0.00
gormy	0.00
gorps	0.00
gorse	2.35
gorsy	0.00
gosht	1.22
gosse	2.10
gotch	2.16
goths	2.76
gothy	1.29
gotta	4.95
gouch	0.00
gouge	2.71
gouks	0.00
goura	0.00
gourd	2.82
gouts	1.29
gouty	1.77
gowan	2.24
gowds	0.00
gowfs	0.00
gowks	0.00
gowls	0.00
gowns	3.25
goxes	0.00
goyim	2.07
goyle	1.63
graal	1.82
grabs	3.73
grace	4.56
grade	4.80
grads	2.93
graff	2.80
graft	3.47
grail	3.46
grain	4.18
graip	0.00
grama	2.24
grame	0.00
gramp	1.41
grams	3.82
grana	1.99
grand	4.91
grans	1.68
grant	4.67
grape	3.70
graph	4.05
grapy	0.00
grasp	3.97
grass	4.38
grate	3.17
grave	4.31
gravs	0.00
gravy	3.48
grays	2.83
graze	3.02
great	5.88
grebe	2.21
grebo	1.15
grece	1.43
greed	3.73
greek	4.50
green	5.13
grees	1.08
greet	3.73
grege	0.00
grego	1.55
grein	1.34
grens	1.23
grese	1.30
greve	2.10
grews	0.00
greys	2.85
grice	2.34
gride	0.00
grids	3.13
grief	4.08
griff	2.67
grift	2.28
grigs	0.00
grike	0.00
grill	3.84
grime	3.09
grimy	2.76
grind	3.94
grins	2.82
griot	1.75
gripe	2.81
grips	3.47
gript	0.00
gripy	0.00
grise	1.86
grist	2.68
grisy	0.00
grith	0.00
grits	2.93
grize	0.00
groan	3.12
groat	2.11
grody	1.72
grogs	1.14
groin	3.26
groks	0.00
groma	0.00
grone	0.00
groof	0.00
groom	3.63
grope	2.68
gross	4.45
grosz	2.07
grots	1.21
grouf	0.00
group	5.57
grout	2.83
grove	3.94
grovy	0.00
growl	3.14
grown	4.67
grows	4.18
grrls	0.00
grrrl	1.97
grubs	2.48
grued	0.00
gruel	2.44
grues	0.00
grufe	0.00
gruff	2.81
grume	0.00
grump	2.29
grund	1.85
grunt	3.15
gryce	1.57
gryde	0.00
gryke	0.00
grype	0.00
grypt	0.00
guaco	0.00
guana	1.52
guano	2.61
guans	0.00
guard	4.73
guars	0.00
guava	2.61
gucks	0.00
gucky	0.00
gudes	0.00
guess	5.17
guest	4.58
guffs	0.00
gugas	0.00
guide	4.75
guids	1.18
guild	3.93
guile	2.75
guilt	4.13
guimp	0.00
guiro	0.00
guise	3.47
gulag	2.85
gular	1.73
gulas	0.00
gulch	2.78
gules	2.21
gulet	1.26
gulfs	1.98
gulfy	0.00
gulls	3.00
gully	3.11
gulph	1.23
gulps	2.34
gulpy	0.00
gumbo	2.70
gumma	1.34
gummi	2.30
gummy	2.97
gumps	1.37
gundy	2.48
gunge	1.88
gungy	0.00
gunks	0.00
gunky	1.42
gunny	2.30
guppy	2.49
guqin	1.08
gurdy	2.04
gurge	0.00
gurls	1.97
gurly	0.00
gurns	0.00
gurry	1.47
gursh	0.00
gurus	2.99
gushy	1.96
gusla	0.00
gusle	0.00
gusli	0.00
gussy	1.72
gusto	3.00
gusts	3.15
gusty	2.59
gutsy	2.73
gutta	2.37
gutty	1.43
guyed	1.52
guyle	0.00
guyot	2.05
guyse	1.05
gwine	1.37
gyals	0.00
gyans	0.00
gybed	0.00
gybes	0.00
gyeld	0.00
gymps	0.00
gynae	1.45
gynie	0.00
gynny	0.00
gynos	0.00
gyoza	1.92
gypos	0.00
gyppo	0.00
gyppy	0.00
gypsy	3.55
gyral	0.00
gyred	0.00
gyres	1.77
gyron	0.00
gyros	2.29
gyrus	2.54
gytes	0.00
gyved	0.00
gyves	0.00
haafs	0.00
haars	0.00
habit	4.24
hable	1.25
habus	0.00
hacek	0.00
hacks	3.45
hadal	1.23
haded	0.00
hades	3.20
hadji	2.23
hadst	1.84
haems	0.00
haets	0.00
haffs	0.00
hafiz	2.73
hafts	1.02
haggs	1.11
hahas	0.00
haick	0.00
haika	0.00
haiks	0.00
haiku	3.08
hails	3.13
haily	1.03
hains	1.66
haint	1.29
hairs	3.77
hairy	3.80
haith	1.41
hajes	0.00
hajis	1.21
hajji	2.16
hakam	1.81
hakas	0.00
hakea	1.64
hakes	1.20
hakim	2.84
hakus	0.00
halal	3.15
haled	1.32
haler	1.20
hales	2.89
halfa	1.87
halfs	1.83
halid	0.00
hallo	2.75
halls	3.85
halma	1.29
halms	0.00
halon	1.91
halos	2.65
halse	1.75
halts	2.86
halva	1.56
halve	2.60
halwa	1.95
hamal	1.51
hamba	1.29
hamed	2.40
hames	2.06
hammy	2.55
hamza	2.89
hanap	0.00
hance	2.04
hanch	0.00
hands	5.16
handy	3.97
hangi	1.36
hangs	3.70
hanks	3.22
hanky	2.37
hansa	2.23
hanse	2.08
hants	2.41
haole	1.84
haoma	1.03
hapax	1.29
haply	1.84
happi	1.69
happy	5.35
hapus	0.00
haram	3.43
hards	2.26
hardy	3.86
hared	1.26
harem	3.13
hares	2.79
harim	1.50
harks	2.07
harls	0.00
harms	3.29
harns	0.00
haros	0.00
harps	2.58
harpy	2.50
harry	4.72
harsh	4.14
harts	2.27
hashy	0.00
hasks	0.00
hasps	0.00
hasta	2.56
haste	3.37
hasty	3.29
hatch	3.82
hated	4.20
hater	3.14
hates	4.15
hatha	2.20
hauds	0.00
haufs	0.00
haugh	2.13
hauld	0.00
haulm	0.00
hauls	2.84
hault	1.29
hauns	0.00
haunt	3.54
hause	1.87
haute	3.20
haven	4.13
haver	2.21
haves	2.95
havoc	3.50
hawed	1.51
hawks	3.89
hawms	0.00
hawse	1.36
hayed	0.00
hayer	1.30
hayey	0.00
hayle	1.99
hazan	1.96
hazed	2.06
hazel	3.54
hazer	1.13
hazes	1.54
heads	4.67
heady	2.93
heald	2.34
heals	3.32
heame	0.00
heaps	3.31
heapy	0.00
heard	5.27
heare	1.42
hears	3.78
heart	5.31
heast	0.00
heath	3.76
heats	3.41
heave	2.90
heavy	4.96
heben	1.23
hebes	1.38
hecht	2.60
hecks	1.47
heder	1.59
hedge	3.74
hedgy	0.00
heeds	1.96
heedy	0.00
heels	4.06
heeze	1.02
hefte	1.24
hefts	0.00
hefty	3.36
heids	0.00
heigh	2.03
heils	0.00
heirs	3.51
heist	3.39
hejab	0.00
hejra	0.00
heled	0.00
heles	0.00
helio	2.35
helix	3.26
hello	4.72
hells	3.07
helms	2.89
helos	1.78
helot	1.30
helps	4.74
helve	1.18
hemal	1.16
hemes	1.06
hemic	0.00
hemin	1.38
hemps	0.00
hempy	0.00
hence	4.38
hench	2.05
hends	0.00
henge	1.99
henna	2.84
henny	2.56
henry	4.74
hents	0.00
hepar	0.00
herbs	3.65
herby	2.11
herds	3.21
heres	3.18
herls	0.00
herma	1.48
herms	1.65
herns	0.00
heron	3.09
heros	2.83
herry	1.72
herse	1.48
hertz	3.06
herye	0.00
hesps	0.00
hests	0.00
hetes	0.00
heths	0.00
heuch	0.00
heugh	1.19
hevea	1.49
hewed	1.90
hewer	1.91
hewgh	0.00
hexad	0.00
hexed	1.87
hexer	1.31
hexes	2.17
hexyl	1.45
heyed	0.00
hiant	0.00
hicks	3.57
hided	1.32
hider	2.10
hides	3.69
hiems	0.00
highs	3.59
hight	2.50
hijab	3.15
hijra	2.07
hiked	2.95
hiker	2.78
hikes	3.34
hikoi	0.00
hilar	1.91
hilch	0.00
hillo	1.05
hills	4.46
hilly	3.17
hilts	2.05
hilum	1.66
hilus	0.00
himbo	1.17
hinau	0.00
hinds	2.84
hinge	3.32
hings	1.46
hinky	1.78
hinny	1.43
hints	3.85
hiois	0.00
hiply	0.00
hippo	3.13
hippy	3.00
hired	4.41
hiree	0.00
hirer	1.90
hires	3.48
hissy	2.41
hists	0.00
hitch	3.42
hithe	0.00
hived	1.60
hiver	1.93
hives	3.12
hizen	1.09
hoaed	0.00
hoagy	1.62
hoard	3.23
hoars	0.00
hoary	2.29
hoast	0.00
hobby	3.94
hobos	2.33
hocks	2.10
hocus	2.57
hodad	0.00
hodja	1.41
hoers	0.00
hogan	3.63
hogen	1.24
hoggs	1.47
hoghs	0.00
hohed	0.00
hoick	1.15
hoied	0.00
hoiks	0.00
hoing	1.09
hoise	1.03
hoist	3.12
hokas	0.00
hoked	0.00
hokes	1.17
hokey	2.62
hokis	0.00
hokku	1.03
hokum	2.03
holds	4.60
holed	3.04
holes	4.35
holey	2.13
holks	0.00
holla	2.56
hollo	1.70
holly	3.88
holme	2.39
holms	1.53
holon	1.74
holos	1.83
holts	1.91
homas	0.00
homed	2.22
homer	3.89
homes	4.69
homey	2.75
homie	3.26
homme	2.93
homos	2.29
honan	2.17
honda	3.92
honds	0.00
honed	3.04
honer	1.43
hones	2.26
honey	4.37
hongi	1.57
hongs	1.20
honks	2.23
honky	2.79
honor	4.69
hooch	2.58
hoods	3.10
hoody	2.29
hooey	1.82
hoofs	2.19
hooka	1.31
hooks	3.65
hooky	2.24
hooly	1.38
hoons	1.06
hoops	3.45
hoord	0.00
hoors	1.18
hoosh	0.00
hoots	2.45
hooty	1.46
hoove	0.00
hopak	0.00
hoped	4.28
hoper	1.51
hopes	4.40
hoppy	2.66
horah	0.00
horal	0.00
horas	2.06
horde	3.23
horis	1.15
horks	0.00
horme	0.00
horns	3.80
horny	3.79
horse	4.76
horst	2.85
horsy	1.12
hosed	2.53
hosel	1.10
hosen	1.53
hoser	1.79
hoses	2.99
hosey	1.32
hosta	1.74
hosts	4.23
hotch	2.22
hotel	4.95
hoten	0.00
hotly	2.93
hotty	1.91
houff	0.00
houfs	0.00
hough	2.98
hound	3.43
houri	1.21
hours	5.40
house	5.71
houts	1.15
hovea	1.12
hoved	0.00
hovel	2.31
hoven	1.78
hover	3.26
hoves	0.00
howbe	0.00
howdy	3.08
howes	2.72
howff	0.00
howfs	0.00
howks	0.00
howls	2.78
howre	0.00
howso	0.00
hoxed	0.00
hoxes	0.00
hoyas	2.04
hoyed	0.00
hoyle	2.61
hubby	3.41
hucks	1.45
hudna	0.00
hudud	1.70
huers	0.00
huffs	2.16
huffy	2.21
huger	1.99
huggy	2.01
huhus	0.00
huias	0.00
hulas	1.04
hules	0.00
hulks	2.36
hulky	0.00
hullo	2.05
hulls	2.89
hully	1.23
human	5.35
humas	0.00
humfs	0.00
humic	2.37
humid	3.50
humor	4.19
humph	2.18
humps	2.56
humpy	1.81
humus	2.38
hunch	3.07
hunks	2.54
hunky	2.72
hunts	3.35
hurds	0.00
hurls	2.38
hurly	1.99
hurra	1.62
hurry	4.14
hurst	3.10
hurts	4.30
hushy	0.00
husks	2.61
husky	3.29
husos	0.00
hussy	2.17
hutch	3.04
hutia	0.00
huzza	0.00
huzzy	0.00
hwyls	0.00
hydra	3.31
hydro	3.63
hyena	2.80
hyens	0.00
hygge	1.85
hying	0.00
hykes	0.00
hylas	1.70
hyleg	0.00
hyles	1.25
hylic	0.00
hymen	2.57
hymns	3.34
hynde	2.08
hyoid	2.25
hyped	3.54
hyper	3.69
hypes	2.09
hypha	1.24
hyphy	1.58
hypos	1.54
hyrax	1.56
hyson	1.53
hythe	2.15
iambi	0.00
iambs	1.23
ibrik	0.00
icers	1.53
iched	0.00
iches	0.00
ichor	1.70
icier	1.15
icily	1.64
icing	3.49
icker	0.00
ickle	1.41
icons	3.74
ictal	1.45
ictic	0.00
ictus	1.47
idant	0.00
ideal	4.44
ideas	4.84
idees	1.28
ident	2.44
idiom	2.97
idiot	4.39
idled	2.09
idler	2.30
idles	2.01
idola	1.37
idols	3.49
idyll	2.44
idyls	0.00
iftar	2.20
igapo	0.00
igged	0.00
igloo	2.64
iglus	0.00
ihram	1.50
ikans	0.00
ikats	0.00
ikons	1.31
ileac	0.00
ileal	1.64
ileum	1.96
ileus	1.60
iliac	2.36
iliad	2.91
ilial	0.00
ilium	2.23
iller	1.62
illth	0.00
image	4.94
imago	2.33
imams	2.81
imari	1.79
imaum	0.00
imbar	0.00
imbed	1.44
imbue	2.42
imide	1.36
imido	0.00
imids	0.00
imine	1.74
imino	1.26
immew	0.00
immit	0.00
immix	0.00
imped	0.00
impel	2.36
impis	1.18
imply	3.83
impot	0.00
impro	1.74
imshi	0.00
imshy	0.00
inane	2.70
inapt	1.58
inarm	0.00
inbox	3.51
inbye	0.00
incel	1.99
incle	0.00
incog	1.34
incur	3.30
incus	1.67
incut	0.00
indew	0.00
index	4.57
india	5.04
indie	4.00
indol	1.33
indow	0.00
indri	1.68
indue	1.03
inept	3.13
inerm	0.00
inert	3.09
infer	3.16
infix	1.76
infos	2.53
infra	2.90
ingan	1.39
ingle	2.40
ingot	2.38
inion	1.12
inked	3.08
inker	1.70
inkle	1.38
inlay	2.68
inlet	3.45
inned	0.00
inner	4.50
innit	2.74
inorb	0.00
input	4.35
inrun	0.00
inset	2.85
inspo	2.18
intel	4.07
inter	4.16
intil	1.08
intis	0.00
intra	3.32
intro	3.81
inula	1.18
inure	1.90
inurn	0.00
inust	0.00
invar	1.28
inwit	0.00
iodic	0.00
iodid	0.00
iodin	0.00
ionic	3.21
iotas	1.27
ippon	1.59
irade	0.00
irate	2.78
irids	0.00
iring	1.23
irked	2.75
iroko	1.55
irone	0.00
irons	3.32
irony	3.86
isbas	0.00
ishes	0.00
isled	0.00
isles	3.58
islet	2.76
isnae	1.03
issei	2.27
issue	5.23
istle	0.00
itchy	3.34
items	4.78
ither	1.59
ivied	0.00
ivies	1.86
ivory	3.85
ixias	0.00
ixnay	1.26
ixora	1.18
ixtle	0.00
izard	1.94
izars	0.00
izzat	2.00
jaaps	0.00
jabot	1.32
jacal	0.00
jacks	3.41
jacky	2.82
jaded	2.97
jades	2.05
jafas	0.00
jaffa	2.98
jagas	0.00
jager	2.51
jaggs	0.00
jaggy	1.34
jagir	1.53
jagra	0.00
jails	3.20
jaker	0.00
jakes	2.51
jakey	1.98
jalap	0.00
jalop	0.00
jambe	1.40
jambo	2.08
jambs	1.93
jambu	1.57
james	5.11
jammy	2.38
jamon	1.91
janes	2.55
janns	0.00
janny	1.73
janty	0.00
japan	4.89
japed	0.00
japer	0.00
japes	1.67
jarks	0.00
jarls	1.44
jarps	0.00
jarta	0.00
jarul	0.00
jasey	0.00
jaspe	0.00
jasps	0.00
jatos	0.00
jauks	0.00
jaunt	2.60
jaups	0.00
javas	1.19
javel	1.09
jawan	1.89
jawed	2.55
jaxie	0.00
jazzy	3.00
jeans	4.09
jeats	0.00
jebel	2.34
jedis	1.76
jeels	0.00
jeely	0.00
jeeps	2.79
jeers	2.32
jeeze	2.00
jefes	1.06
jeffs	2.25
jehad	1.59
jehus	0.00
jelab	0.00
jello	2.82
jells	1.12
jelly	3.77
jembe	0.00
jemmy	1.94
jenny	3.89
jeons	0.00
jerid	0.00
jerks	3.28
jerky	3.10
jerry	4.26
jesse	4.04
jests	1.87
jesus	4.99
jetes	0.00
jeton	1.06
jetty	3.04
jeune	2.38
jewed	1.06
jewel	3.68
jewie	0.00
jhala	1.29
jiaos	0.00
jibba	0.00
jibbs	0.00
jibed	1.37
jiber	0.00
jibes	2.14
jiffs	0.00
jiffy	2.64
jiggy	2.22
jigot	0.00
jihad	3.49
jills	1.66
jilts	1.06
jimmy	4.44
jimpy	0.00
jingo	1.98
jinks	2.42
jinne	0.00
jinni	1.66
jinns	1.80
jirds	0.00
jirga	2.11
jirre	0.00
jisms	0.00
jived	1.34
jiver	0.00
jives	1.68
jivey	0.00
jnana	1.81
jobed	0.00
jobes	1.22
jocko	2.11
jocks	2.77
jocky	1.61
jocos	0.00
jodel	1.08
joeys	1.99
johns	3.84
joins	4.04
joint	4.71
joist	2.25
joked	3.28
joker	3.74
jokes	4.33
jokey	2.43
jokol	0.00
joled	0.00
joles	0.00
jolls	1.03
jolly	3.57
jolts	2.29
jolty	0.00
jomon	1.56
jomos	0.00
jones	4.73
jongs	0.00
jonty	2.09
jooks	0.00
joram	1.81
jorum	0.00
jotas	0.00
jotty	0.00
jotun	1.69
joual	0.00
jougs	0.00
jouks	0.00
joule	2.44
jours	2.19
joust	2.47
jowar	1.55
jowed	0.00
jowls	2.09
jowly	1.46
joyed	1.58
jubas	0.00
jubes	0.00
jucos	0.00
judas	3.37
judge	4.95
judgy	2.14
judos	0.00
jugal	1.65
jugum	0.00
juice	4.36
juicy	3.70
jujus	1.13
juked	1.68
jukes	2.32
jukus	0.00
julep	2.21
jumar	0.00
jumbo	3.38
jumby	0.00
jumps	3.86
jumpy	2.67
junco	1.88
junks	2.19
junky	2.42
junta	3.34
junto	1.88
jupes	0.00
jupon	0.00
jural	1.11
jurat	1.60
jurel	0.00
jures	0.00
juror	3.13
justs	1.61
jutes	1.62
jutty	0.00
juves	0.00
juvie	2.10
kaama	0.00
kabab	1.75
kabar	1.55
kabob	1.88
kacha	1.40
kacks	0.00
kadai	1.59
kades	0.00
kadis	1.16
kafir	2.28
kagos	0.00
kagus	0.00
kahal	1.11
kaiak	0.00
kaids	0.00
kaies	0.00
kaifs	0.00
kaika	0.00
kaiks	0.00
kails	0.00
kaims	0.00
kaing	0.00
kains	1.03
kakas	1.15
kakis	0.00
kalam	2.48
kales	1.53
kalif	1.43
kalis	1.51
kalpa	1.92
kamas	1.58
kames	1.74
kamik	1.02
kamis	1.31
kamme	0.00
kanae	1.82
kanas	1.47
kandy	2.57
kaneh	0.00
kanes	1.73
kanga	2.16
kangs	1.29
kanji	3.01
kants	1.29
kanzu	0.00
kaons	1.28
kapas	1.16
kaphs	0.00
kapok	1.72
kapow	1.76
kappa	3.46
kapus	0.00
kaput	2.13
karas	2.09
karat	2.63
karks	0.00
karma	3.88
karns	1.75
karoo	2.28
karos	1.05
karri	1.95
karst	2.52
karsy	0.00
karts	2.62
karzy	0.00
kasha	2.02
kasme	0.00
katal	0.00
katas	1.61
katis	1.10
katti	1.59
kaugh	0.00
kauri	1.94
kauru	0.00
kaury	0.00
kaval	1.27
kavas	0.00
kawas	1.19
kawau	0.00
kawed	0.00
kayak	3.24
kayle	1.58
kayos	0.00
kazis	1.04
kazoo	2.35
kbars	0.00
kebab	3.03
kebar	0.00
kebob	0.00
kecks	1.17
kedge	1.49
kedgy	0.00
keech	1.72
keefs	0.00
keeks	1.17
keels	2.30
keema	1.51
keeno	1.08
keens	1.57
keeps	4.67
keets	0.00
keeve	0.00
kefir	2.13
kehua	0.00
keirs	0.00
kelep	0.00
kelim	0.00
kells	2.34
kelly	4.44
kelps	1.13
kelpy	0.00
kelts	0.00
kelty	2.13
kembo	0.00
kembs	0.00
kemps	1.76
kempt	1.74
kempy	0.00
kenaf	1.31
kench	1.46
kendo	2.49
kenos	0.00
kente	1.77
kents	2.07
kepis	0.00
kerbs	1.99
kerel	0.00
kerfs	0.00
kerky	0.00
kerma	1.80
kerne	1.22
kerns	2.23
keros	1.01
kerry	3.85
kerve	0.00
kesar	1.61
kests	0.00
ketas	0.00
ketch	2.35
ketes	0.00
ketol	0.00
kevel	0.00
kevil	0.00
kexes	0.00
keyed	2.89
keyer	1.36
khadi	2.21
khafs	0.00
khaki	3.04
khans	2.60
khaph	0.00
khats	0.00
khaya	1.71
khazi	0.00
kheda	1.39
kheth	0.00
khets	0.00
khoja	1.59
khors	0.00
khoum	0.00
khuds	0.00
kiaat	0.00
kiack	0.00
kiang	1.99
kibbe	1.67
kibbi	0.00
kibei	0.00
kibes	0.00
kibla	0.00
kicks	4.07
kicky	1.63
kiddo	3.22
kiddy	2.45
kidel	0.00
kidge	0.00
kiefs	0.00
kiers	1.06
kieve	0.00
kievs	0.00
kight	1.52
kikes	1.77
kikoi	0.00
kiley	2.36
kilim	1.82
kills	4.34
kilns	2.71
kilos	3.25
kilps	0.00
kilts	2.42
kilty	1.72
kimbo	1.93
kinas	0.00
kinda	4.59
kinds	4.51
kindy	1.84
kines	1.38
kings	4.41
kinin	1.02
kinks	3.18
kinky	3.37
kinos	1.16
kiore	0.00
kiosk	3.00
kipes	0.00
kippa	1.53
kipps	1.96
kirby	3.65
kirks	1.84
kirns	0.00
kirri	0.00
kisan	2.24
kissy	2.44
kists	0.00
kited	1.23
kiter	1.17
kites	2.96
kithe	0.00
kiths	0.00
kitty	3.98
kitul	0.00
kivas	1.56
kiwis	2.87
klang	2.25
klaps	0.00
klett	1.65
klick	1.89
klieg	1.43
kliks	0.00
klong	1.83
kloof	1.81
kluge	2.04
klutz	2.12
knack	3.26
knags	0.00
knaps	0.00
knarl	0.00
knars	0.00
knaur	0.00
knave	2.50
knawe	0.00
knead	2.57
kneed	2.44
kneel	3.24
knees	4.18
knell	2.59
knelt	2.80
knife	4.41
knish	1.63
knits	2.60
knive	1.28
knobs	3.02
knock	4.35
knoll	2.90
knops	1.30
knosp	0.00
knots	3.63
knout	1.12
knowe	1.68
known	5.39
knows	5.07
knubs	0.00
knurl	1.21
knurr	0.00
knurs	0.00
knuts	1.06
koala	3.04
koans	1.62
koaps	0.00
koban	1.39
kobos	0.00
koels	0.00
koffs	0.00
kofta	1.68
kogal	0.00
kohas	0.00
kohen	1.79
kohls	2.25
koine	1.90
kojis	0.00
kokam	0.00
kokas	0.00
koker	1.59
kokra	0.00
kokum	1.13
kolas	1.10
kolos	1.21
kombu	1.73
konbu	1.03
kondo	2.61
konks	0.00
kooks	2.34
kooky	2.58
koori	1.57
kopek	1.41
kophs	0.00
kopje	1.52
koppa	1.08
korai	1.07
koras	0.00
korat	1.51
kores	1.29
korma	1.91
koros	1.21
korun	0.00
korus	1.13
koses	0.00
kotch	1.39
kotos	0.00
kotow	0.00
koura	1.22
kraal	1.93
krabs	2.45
kraft	3.38
krais	0.00
krait	1.85
krang	1.93
krans	1.38
kranz	2.18
kraut	2.38
krays	1.93
kreep	1.32
kreng	0.00
krewe	1.92
krill	2.63
krona	2.22
krone	2.43
kroon	1.84
krubi	0.00
krunk	1.59
ksars	0.00
kubie	1.21
kudos	3.45
kudus	1.59
kudzu	2.13
kufis	0.00
kugel	2.05
kuias	0.00
kukri	1.77
kukus	0.00
kulak	1.93
kulan	1.03
kulas	1.22
kulfi	1.64
kumis	1.03
kumys	0.00
kuris	0.00
kurre	0.00
kurta	2.21
kurus	1.61
kusso	0.00
kutas	0.00
kutch	2.19
kutis	0.00
kutus	0.00
kuzus	0.00
kvass	1.62
kvell	0.00
kwela	0.00
kyack	0.00
kyaks	0.00
kyang	0.00
kyars	0.00
kyats	1.49
kybos	0.00
kydst	0.00
kyles	2.11
kylie	3.54
kylin	1.60
kylix	1.29
kyloe	0.00
kynde	0.00
kynds	0.00
kypes	0.00
kyrie	3.31
kytes	0.00
kythe	0.00
laari	0.00
labda	0.00
label	4.43
labia	2.70
labis	0.00
labor	4.77
labra	1.15
laced	3.29
lacer	1.12
laces	3.12
lacet	0.00
lacey	3.27
lacks	3.89
laddy	1.63
laded	0.00
laden	3.74
lader	1.54
lades	1.38
ladle	2.66
laers	0.00
laevo	0.00
lagan	2.14
lager	3.16
lahal	0.00
lahar	1.58
laich	1.71
laics	0.00
laids	0.00
laigh	1.43
laika	2.21
laiks	0.00
laird	3.16
lairs	2.15
lairy	1.45
laith	1.96
laity	2.76
laked	0.00
laker	2.84
lakes	4.14
lakhs	3.08
lakin	2.12
laksa	1.97
laldy	0.00
lalls	0.00
lamas	2.51
lambs	3.23
lamby	1.45
lamed	1.70
lamer	2.17
lames	2.09
lamia	2.37
lammy	1.97
lamps	3.73
lanai	2.30
lanas	1.10
lance	3.94
lanch	0.00
lande	2.16
lands	4.37
lanes	3.97
lanks	0.00
lanky	2.73
lants	0.00
lapel	2.77
lapin	2.00
lapis	2.78
lapje	0.00
lapse	3.49
larch	2.55
lards	1.09
lardy	1.84
laree	1.19
lares	1.93
large	5.39
largo	2.99
laris	1.45
larks	2.44
larky	1.12
larns	0.00
larnt	0.00
larum	1.05
larva	2.99
lased	0.00
laser	4.20
lases	0.00
lassi	2.00
lasso	2.74
lassu	0.00
lassy	1.36
lasts	3.90
latah	1.60
latch	3.34
lated	1.62
laten	1.26
later	5.49
latex	3.40
lathe	2.91
lathi	1.82
laths	1.32
lathy	0.00
latke	1.44
latte	3.30
latus	1.68
lauan	1.08
lauch	1.57
lauds	2.50
laufs	0.00
laugh	4.66
laund	1.17
laura	4.24
laval	2.80
lavas	2.26
laved	0.00
laver	2.56
laves	1.42
lavra	1.61
lavvy	0.00
lawed	0.00
lawer	1.40
lawin	0.00
lawks	0.00
lawns	3.21
lawny	0.00
laxed	1.18
laxer	1.68
laxes	0.00
laxly	1.25
layed	2.46
layer	4.40
layin	2.30
layup	2.93
lazar	2.80
lazed	1.32
lazes	1.02
lazos	0.00
lazzi	0.00
lazzo	1.04
leach	3.25
leads	4.65
leady	0.00
leafs	3.56
leafy	3.30
leaks	3.88
leaky	3.06
leams	0.00
leans	3.27
leant	2.43
leany	0.00
leaps	3.36
leapt	3.05
leare	0.00
learn	5.17
lears	1.44
leary	2.86
lease	4.17
leash	3.47
least	5.44
leats	1.19
leave	5.34
leavy	1.95
leaze	0.00
leben	2.46
leccy	1.17
ledes	1.07
ledge	3.41
ledgy	0.00
ledum	1.17
leear	0.00
leech	3.17
leeks	2.70
leeps	0.00
leers	1.70
leery	2.58
leese	1.99
leets	1.02
leeze	1.12
lefte	0.00
lefts	2.40
lefty	3.25
legal	5.08
leger	2.69
leges	1.78
legge	2.37
leggo	1.87
leggy	2.48
legit	4.01
lehrs	0.00
lehua	1.46
leirs	0.00
leish	0.00
leman	2.31
lemed	0.00
lemel	1.11
lemes	0.00
lemma	2.74
lemme	3.19
lemon	4.10
lemur	2.57
lends	3.36
lenes	0.00
lengs	0.00
lenis	1.45
lenos	0.00
lense	2.28
lenti	1.43
lento	2.12
leone	3.64
leper	2.79
lepid	0.00
lepra	1.37
lepta	0.00
lered	0.00
leres	0.00
lerps	0.00
lesbo	2.24
leses	0.00
lests	0.00
letch	1.63
lethe	2.03
letup	1.49
leuch	0.00
leuco	1.57
leuds	0.00
leugh	0.00
levas	0.00
levee	2.79
level	5.41
lever	3.64
leves	1.43
levin	3.41
levis	2.60
lewis	4.48
lexes	0.00
lexis	2.45
lezes	0.00
lezza	0.00
lezzy	1.05
liana	2.53
liane	2.24
liang	3.13
liard	1.63
liars	3.46
liart	0.00
libel	3.34
liber	2.82
libra	2.93
libri	2.34
lichi	0.00
licht	2.32
licit	1.94
licks	3.10
lidar	2.65
lidos	1.37
liefs	0.00
liege	2.95
liens	2.67
liers	1.63
lieus	0.00
lieve	2.05
lifer	2.46
lifes	2.93
lifts	3.76
ligan	0.00
liger	2.23
ligge	0.00
light	5.33
ligne	2.39
liked	4.76
liken	2.57
liker	1.77
likes	4.73
likin	1.83
lilac	3.11
lills	0.00
lilos	0.00
lilts	1.05
liman	2.15
limas	1.44
limax	1.23
limba	1.46
limbi	0.00
limbo	3.31
limbs	3.74
limby	0.00
limed	1.46
limen	1.25
limes	2.85
limey	2.13
limit	4.70
limma	0.00
limns	0.00
limos	2.44
limpa	1.12
limps	2.22
linac	1.83
linch	1.41
linds	1.94
lindy	2.84
lined	4.08
linen	3.61
liner	3.75
lines	4.95
liney	1.14
linga	2.13
lingo	3.01
lings	2.06
lingy	0.00
linin	1.19
links	4.72
linky	2.46
linns	0.00
linny	1.60
linos	1.38
lints	1.05
linty	1.13
linum	1.66
linux	3.99
lions	4.18
lipas	0.00
lipes	0.00
lipid	3.29
lipin	1.40
lipos	1.14
lippy	2.20
liras	1.83
lirks	0.00
lirot	0.00
lisks	0.00
lisle	2.62
lisps	1.61
lists	4.38
litai	0.00
litas	1.44
lited	0.00
liter	3.46
lites	2.25
lithe	2.48
litho	2.13
liths	0.00
litre	3.50
lived	4.88
liven	2.63
liver	4.18
lives	5.14
livid	2.99
livor	1.13
livre	2.43
llama	2.95
llano	2.20
loach	2.44
loads	4.22
loafs	1.74
loams	1.62
loamy	2.22
loans	4.51
loast	0.00
loath	2.67
loave	0.00
lobar	1.59
lobby	4.03
lobed	2.58
lobes	3.14
lobos	2.75
lobus	0.00
local	5.43
loche	1.29
lochs	2.30
locie	0.00
locis	1.54
locks	3.94
locos	2.45
locum	2.59
locus	3.18
loden	1.64
lodes	1.67
lodge	4.08
loess	2.30
lofts	2.64
lofty	3.34
logan	4.04
loges	1.27
loggy	0.00
logia	1.84
logic	4.36
logie	2.59
login	3.49
logoi	1.18
logon	2.37
logos	3.53
lohan	3.01
loids	0.00
loins	2.71
loipe	0.00
loirs	0.00
lokes	0.00
lolls	1.37
lolly	2.81
lolog	0.00
lomas	2.42
lomed	0.00
lomes	0.00
loner	3.07
longa	2.13
longe	2.05
longs	3.02
looby	1.67
looed	0.00
looey	1.07
loofa	1.47
loofs	0.00
looie	0.00
looks	5.36
looky	2.23
looms	3.23
loons	2.57
loony	2.78
loops	3.65
loopy	2.67
loord	0.00
loose	4.46
loots	2.08
loped	1.47
loper	1.79
lopes	2.65
loppy	0.00
loral	1.96
loran	2.24
lords	4.08
lordy	2.52
lorel	0.00
lores	2.07
loric	0.00
loris	2.33
lorry	3.21
losed	1.23
losel	0.00
losen	1.42
loser	4.01
loses	4.11
lossy	2.35
lotah	0.00
lotas	0.00
lotes	0.00
lotic	1.25
lotos	1.71
lotsa	2.26
lotta	3.20
lotte	2.99
lotto	3.23
lotus	3.62
loued	0.00
lough	2.84
louie	3.38
louis	4.82
louma	0.00
lound	1.39
louns	0.00
loupe	2.05
loups	1.23
loure	0.00
lours	0.00
loury	1.45
louse	2.60
lousy	3.31
louts	2.06
lovat	2.16
loved	5.00
lover	4.26
loves	4.66
lovey	2.75
lovie	2.27
lowan	1.45
lowed	1.49
lower	5.11
lowes	2.69
lowly	3.27
lownd	0.00
lowne	1.01
lowns	0.00
lowps	0.00
lowry	3.35
lowse	0.00
lowts	0.00
loxed	0.00
loxes	0.00
loyal	4.20
lozen	0.00
luach	0.00
luaus	1.24
lubed	2.07
lubes	1.97
lubra	0.00
luces	1.44
lucid	3.27
lucks	1.94
lucky	4.77
lucre	2.02
ludes	1.54
ludic	1.62
ludos	0.00
luffa	1.42
luffs	0.00
luged	0.00
luger	2.62
luges	0.00
lulls	2.27
lulus	1.51
lumas	1.09
lumbi	0.00
lumen	3.09
lumme	1.23
lummy	0.00
lumps	3.19
lumpy	2.84
lunar	3.77
lunas	1.93
lunch	4.66
lunes	1.68
lunet	0.00
lunge	2.85
lungi	1.93
lungs	3.97
lunks	0.00
lunts	1.25
lupin	2.86
lupus	3.20
lurch	2.79
lured	3.26
lurer	0.00
lures	2.94
lurex	1.62
lurgi	0.00
lurgy	1.30
lurid	2.73
lurks	2.82
lurry	0.00
lurve	1.56
luser	0.00
lushy	0.00
lusks	0.00
lusts	2.49
lusty	2.80
lusus	1.29
lutea	2.06
luted	0.00
luter	1.04
lutes	2.01
luvvy	0.00
luxed	0.00
luxer	0.00
luxes	0.00
lweis	0.00
lyams	0.00
lyard	0.00
lyart	0.00
lyase	1.94
lycea	0.00
lycee	1.85
lycra	2.65
lying	4.67
lymes	1.22
lymph	3.20
lynch	3.94
lynes	1.61
lyres	1.57
lyric	3.63
lysed	1.82
lyses	1.14
lysin	1.01
lysis	2.43
lysol	2.23
lyssa	1.93
lyted	0.00
lytes	1.23
lythe	1.31
lytic	2.04
lytta	0.00
maaed	0.00
maare	0.00
maars	0.00
mabes	0.00
macas	0.00
macaw	2.33
maced	1.86
macer	1.80
maces	2.01
mache	2.40
machi	2.51
macho	3.26
machs	1.18
macks	1.74
macle	0.00
macon	3.13
macro	3.71
madam	3.59
madge	2.87
madid	0.00
madly	3.17
madre	2.88
maerl	0.00
mafia	3.83
mafic	2.19
mages	2.63
maggs	2.05
magic	4.76
magma	3.19
magot	0.00
magus	2.61
mahoe	0.00
mahua	1.44
mahwa	0.00
maids	3.25
maiko	2.07
maiks	0.00
maile	1.91
maill	0.00
mails	3.62
maims	1.55
mains	3.45
maire	2.28
mairs	1.39
maise	1.28
maist	0.00
maize	3.34
major	5.30
makar	2.08
maker	4.23
makes	5.46
makis	1.64
makos	1.58
malam	2.16
malar	2.07
malas	1.89
malax	0.00
males	4.21
malic	2.14
malik	3.62
malis	1.57
malls	3.44
malms	0.00
malmy	0.00
malts	2.36
malty	2.08
malus	2.19
malva	1.71
malwa	2.01
mamas	2.79
mamba	2.64
mambo	2.78
mamee	0.00
mamey	1.20
mamie	2.65
mamma	3.32
mammy	2.62
manas	2.33
manat	1.42
mandi	2.68
maneb	1.02
maned	1.94
maneh	1.19
manes	2.43
manet	2.53
manga	3.97
mange	2.50
mango	3.56
mangs	1.19
mangy	2.10
mania	3.44
manic	3.32
manis	2.23
manky	1.89
manly	3.66
manna	2.80
manor	3.81
manos	2.33
manse	2.46
manta	2.82
manto	1.99
manty	1.01
manul	0.00
manus	2.88
mapau	0.00
maple	3.86
maqui	1.14
marae	1.85
marah	2.06
maras	1.93
march	5.26
marcs	1.38
mardy	2.10
mares	2.99
marge	3.08
margs	1.43
maria	4.34
marid	1.29
marka	1.64
marks	4.49
marle	1.68
marls	1.87
marly	2.29
marms	0.00
maron	2.34
maror	0.00
marra	2.24
marri	2.08
marry	4.40
marse	1.46
marsh	3.87
marts	2.27
marvy	1.31
masas	0.00
mased	0.00
maser	2.12
mases	0.00
mashy	1.12
masks	3.88
mason	4.14
massa	3.12
masse	3.15
massy	2.25
masts	2.89
masty	0.00
masus	0.00
matai	2.02
match	5.13
mated	2.92
mater	3.47
mates	3.99
matey	2.50
maths	3.75
matin	2.29
matlo	0.00
matte	3.52
matts	2.03
matza	1.46
matzo	2.20
mauby	0.00
mauds	0.00
mauls	2.03
maund	1.64
mauri	1.99
mausy	0.00
mauts	0.00
mauve	2.71
mauzy	1.24
maven	2.88
mavie	0.00
mavin	1.66
mavis	2.87
mawed	0.00
mawks	0.00
mawky	0.00
mawns	0.00
mawrs	0.00
maxed	2.77
maxes	1.95
maxim	3.39
maxis	2.39
mayan	3.11
mayas	1.99
maybe	5.45
mayed	0.00
mayor	4.62
mayos	1.60
mayst	1.61
mazed	1.08
mazer	1.96
mazes	2.69
mazey	1.13
mazut	0.00
mbira	1.50
meads	2.32
meals	4.19
mealy	2.40
meane	0.00
means	5.44
meant	4.94
meany	2.31
meare	1.15
mease	1.38
meath	2.57
meats	3.48
meaty	3.01
mebos	0.00
mecca	3.38
mechs	2.35
mecks	0.00
medal	4.39
media	5.30
medic	3.42
medii	1.41
medle	0.00
meeds	1.13
meers	1.72
meets	4.36
meffs	0.00
meins	1.20
meint	0.00
meiny	0.00
meith	0.00
mekka	1.59
melas	1.94
melba	2.46
melds	2.18
melee	3.22
melic	1.03
melik	1.63
mells	1.43
melon	3.32
melts	3.41
melty	2.22
memes	3.75
memos	2.98
menad	0.00
mends	2.10
mened	0.00
menes	1.70
menge	1.68
mengs	1.27
mensa	2.66
mense	1.53
mensh	0.00
menta	1.82
mento	1.82
menus	3.44
meous	0.00
meows	2.37
merch	3.22
mercs	2.26
mercy	4.25
merde	1.94
mered	1.16
merel	1.56
merer	0.00
meres	1.77
merge	3.75
meril	1.38
meris	1.43
merit	4.08
merks	1.57
merle	3.04
merls	0.00
merry	3.83
merse	1.45
mesal	0.00
mesas	2.23
mesel	0.00
meses	1.51
meshy	0.00
mesic	1.96
mesne	1.48
meson	2.14
messy	3.87
mesto	1.55
metal	4.82
meted	2.56
meter	4.09
metes	1.73
metho	1.31
meths	1.43
metic	1.15
metif	0.00
metis	2.33
metol	0.00
metre	3.76
metro	4.18
meuse	2.41
meved	0.00
meves	0.00
mewed	1.16
mewls	0.00
meynt	0.00
mezes	1.09
mezze	1.62
mezzo	2.60
mhorr	0.00
miaou	1.08
miaow	1.83
miasm	0.00
miaul	0.00
micas	1.51
miche	1.79
micht	0.00
micks	1.66
micky	2.91
micos	0.00
micra	2.13
micro	4.08
middy	1.63
midge	2.76
midgy	0.00
midis	1.36
midst	3.89
miens	0.00
mieve	0.00
miffs	0.00
miffy	1.60
mifty	0.00
miggs	1.46
might	5.66
mihas	0.00
mihis	0.00
miked	1.77
mikes	2.61
mikra	0.00
mikva	1.50
milch	2.16
milds	1.44
miler	2.54
miles	5.00
milfs	2.78
milia	1.80
milko	1.47
milks	2.55
milky	3.50
mille	2.80
mills	4.22
milor	0.00
milos	2.80
milpa	1.47
milts	0.00
milty	1.09
miltz	0.00
mimed	1.98
mimeo	1.49
mimer	1.10
mimes	2.31
mimic	3.49
mimsy	1.61
minae	1.38
minar	1.97
minas	2.84
mince	3.02
mincy	1.24
minds	4.45
mined	3.41
miner	3.58
mines	4.18
minge	1.96
mings	1.80
mingy	1.10
minim	1.99
minis	2.83
minke	2.27
minks	2.13
minny	2.22
minor	4.62
minos	2.39
mints	3.02
minty	2.69
minus	4.00
mired	2.81
mires	1.80
mirex	1.11
mirid	0.00
mirin	1.98
mirks	0.00
mirky	0.00
mirly	0.00
miros	1.01
mirth	2.62
mirvs	1.29
mirza	2.89
misch	1.76
misdo	0.00
miser	2.56
mises	2.56
misgo	0.00
misos	0.00
missa	2.57
missy	3.26
mists	2.83
misty	3.39
mitch	3.91
miter	2.39
mites	3.06
mitis	1.60
mitre	2.63
mitts	2.71
mixed	4.64
mixen	0.00
mixer	3.50
mixes	3.52
mixte	1.40
mixup	2.16
mizen	1.78
mizzy	1.22
mneme	0.00
moans	3.13
moats	2.25
mobby	0.00
mobes	0.00
mobey	0.00
mobie	0.00
moble	1.07
mocha	2.98
mochi	2.42
mochs	0.00
mochy	0.00
mocks	3.04
modal	3.13
model	5.13
modem	3.40
moder	1.93
modes	3.96
modge	0.00
modii	0.00
modus	2.93
moers	1.61
mofos	2.10
moggy	1.70
mogul	3.07
mohel	1.63
mohos	0.00
mohrs	0.00
mohua	0.00
mohur	0.00
moile	0.00
moils	0.00
moira	3.13
moire	1.99
moist	3.69
moits	0.00
mojos	1.59
mokes	1.09
mokis	0.00
mokos	0.00
molal	0.00
molar	2.99
molas	1.48
molds	3.12
moldy	2.69
moled	0.00
moles	3.07
molla	1.89
molls	1.67
molly	3.87
molto	2.31
molts	1.70
molys	0.00
momes	0.00
momma	3.41
mommy	3.89
momus	1.59
monad	2.35
monal	1.27
monas	1.64
monde	3.04
mondo	2.79
moner	1.57
money	5.64
mongo	2.52
mongs	1.30
monic	1.54
monie	1.81
monks	3.72
monos	1.68
monte	3.69
month	5.25
monty	3.55
moobs	1.79
mooch	2.43
moods	3.37
moody	3.70
mooed	1.18
mooks	1.88
moola	1.87
mooli	1.13
mools	0.00
mooly	0.00
moong	1.68
moons	3.38
moony	1.81
moops	1.14
moors	3.18
moory	0.00
moose	3.61
moots	1.75
moove	1.28
moped	2.78
moper	0.00
mopes	1.62
mopey	2.08
moppy	0.00
mopsy	1.36
mopus	0.00
morae	1.11
moral	4.46
moras	1.56
morat	1.38
moray	3.02
morel	2.62
mores	2.82
moria	2.62
morne	2.29
morns	1.24
moron	3.75
morph	3.07
morra	2.05
morro	2.46
morse	3.52
morts	1.81
mosed	0.00
moses	3.98
mosey	2.18
mosks	0.00
mosso	1.66
mossy	2.64
moste	1.24
mosts	1.15
moted	0.00
motel	3.61
moten	1.69
motes	2.38
motet	1.96
motey	0.00
moths	3.21
mothy	0.00
motif	3.40
motis	0.00
motor	4.53
motte	2.50
motto	3.72
motts	1.52
motty	1.17
motus	1.80
motza	1.13
mouch	1.31
moues	0.00
mould	3.45
mouls	0.00
moult	2.25
mound	3.60
mount	4.47
moups	0.00
mourn	3.43
mouse	4.31
moust	0.00
mousy	2.01
mouth	4.83
moved	5.01
mover	3.21
moves	4.59
movie	5.16
mowas	0.00
mowed	2.77
mower	3.10
mowra	0.00
moxas	0.00
moxie	2.55
moyas	0.00
moyle	2.08
moyls	0.00
mozed	0.00
mozes	1.40
mozos	0.00
mpret	0.00
mucho	2.59
mucic	0.00
mucid	0.00
mucin	2.03
mucks	1.77
mucky	2.29
mucor	1.44
mucro	0.00
mucus	3.15
muddy	3.60
mudge	2.19
mudir	0.00
mudra	2.23
muffs	2.18
mufti	2.86
mugga	1.11
muggs	1.67
muggy	2.53
muhly	1.68
muids	0.00
muils	0.00
muirs	0.00
muist	0.00
mujik	0.00
mulch	2.90
mulct	0.00
muled	0.00
mules	3.11
muley	1.75
mulga	1.69
mulie	0.00
mulla	2.22
mulls	2.31
mulse	0.00
mulsh	0.00
mumms	0.00
mummy	3.57
mumps	2.81
mumsy	1.67
mumus	0.00
munch	3.08
munga	1.37
munge	1.04
mungo	2.44
mungs	0.00
munis	1.85
munts	0.00
muntu	1.29
muons	1.97
mural	3.49
muras	0.00
mured	0.00
mures	1.52
murex	1.88
murid	1.65
murks	1.09
murky	3.12
murls	0.00
murly	0.00
murra	1.30
murre	1.32
murri	1.38
murrs	0.00
murry	2.25
murti	1.89
murva	0.00
musar	1.09
musca	1.76
mused	2.67
muser	1.36
muses	3.04
muset	0.00
musha	1.76
mushy	2.94
music	5.52
musit	0.00
musks	1.50
musky	2.43
musos	1.34
musse	1.27
mussy	1.58
musth	1.46
musts	1.95
musty	2.83
mutch	2.18
muted	3.42
muter	1.37
mutes	2.45
mutha	2.16
mutis	1.13
muton	0.00
mutts	2.42
muxed	0.00
muxes	0.00
muzak	2.06
muzzy	2.00
mvule	0.00
myall	1.62
mylar	2.37
mynah	1.64
mynas	0.00
myoid	0.00
myoma	1.23
myope	0.00
myops	0.00
myopy	0.00
myrrh	2.56
mysid	1.09
mythi	0.00
myths	3.75
mythy	0.00
myxos	0.00
mzees	0.00
naams	0.00
naans	1.14
nabes	0.00
nabis	1.51
nabks	0.00
nabla	1.15
nabob	1.68
nache	0.00
nacho	3.02
nacre	1.68
nadas	1.03
nadir	2.86
naeve	0.00
naevi	0.00
naffs	0.00
nagas	2.15
naggy	1.54
nagor	0.00
nahal	1.91
naiad	1.77
naifs	0.00
naiks	0.00
nails	4.04
naira	2.63
nairu	1.55
naive	3.75
naked	4.43
naker	0.00
nakfa	0.00
nalas	1.43
naled	1.14
nalla	1.68
named	4.95
namer	1.68
names	4.91
namma	1.80
namus	1.22
nanas	1.84
nance	2.90
nancy	4.14
nandu	2.00
nanna	2.50
nanny	3.59
nanos	1.98
nanua	0.00
napas	0.00
naped	1.32
napes	1.43
napoo	0.00
nappa	2.25
nappe	1.56
nappy	2.88
naras	1.32
narco	2.57
narcs	1.94
nards	1.40
nares	2.12
naric	0.00
naris	1.32
narks	1.30
narky	1.30
narre	1.66
nasal	3.49
nashi	1.82
nasty	4.22
natal	3.41
natch	2.15
nates	1.83
natis	0.00
natty	2.75
nauch	0.00
naunt	0.00
naval	4.24
navar	1.29
navel	2.95
naves	1.85
navew	0.00
navvy	1.61
nawab	2.60
nazes	0.00
nazir	2.56
nazis	3.94
nduja	1.13
neafe	0.00
neals	1.40
neaps	0.00
nears	2.88
neath	2.84
neats	1.03
nebek	0.00
nebel	1.74
necks	3.40
neddy	1.95
needs	5.37
needy	3.58
neeld	1.46
neele	1.40
neemb	0.00
neems	0.00
neeps	1.32
neese	1.70
neeze	0.00
negro	3.73
negus	2.26
neifs	0.00
neigh	2.49
neist	1.10
neive	0.00
nelis	1.49
nelly	3.16
nemas	0.00
nemns	0.00
nempt	0.00
nenes	0.00
neons	1.82
neper	0.00
nepit	0.00
neral	1.46
nerds	3.36
nerdy	3.17
nerka	1.12
nerks	0.00
nerol	0.00
nerts	0.00
nertz	0.00
nerve	4.19
nervy	2.25
nests	3.43
netes	0.00
netop	0.00
netts	0.00
netty	1.73
neuks	0.00
neume	0.00
neums	0.00
nevel	1.59
never	5.91
neves	2.55
nevus	1.94
newbs	1.51
newed	0.00
newel	1.88
newer	3.94
newie	0.00
newly	4.42
newsy	1.92
newts	2.21
nexts	1.02
nexus	3.65
ngaio	1.47
ngana	0.00
ngati	1.83
ngoma	1.57
ngwee	0.00
nicad	1.27
nicer	3.65
niche	3.85
nicht	2.87
nicks	3.07
nicol	2.78
nidal	2.06
nided	0.00
nides	0.00
nidor	0.00
nidus	1.81
niece	3.82
niefs	0.00
nieve	1.95
nifes	0.00
niffs	0.00
niffy	0.00
nifty	3.17
niger	3.45
nighs	0.00
night	5.61
nihil	2.19
nikab	0.00
nikah	1.93
nikau	0.00
nills	0.00
nimbi	0.00
nimbs	0.00
nimps	0.00
niner	2.31
nines	2.84
ninja	3.87
ninny	1.93
ninon	1.75
ninth	4.07
nipas	0.00
nippy	2.38
niqab	2.51
nirls	0.00
nirly	0.00
nisei	2.09
nisse	1.51
nisus	1.80
niter	1.45
nites	1.63
nitid	0.00
niton	1.26
nitre	1.51
nitro	3.23
nitry	0.00
nitty	2.70
nival	1.17
nixed	2.28
nixer	0.00
nixes	1.69
nixie	1.88
nizam	2.55
nkosi	2.00
noahs	1.61
nobby	2.23
noble	4.24
nobly	2.39
nocks	1.25
nodal	2.55
noddy	2.22
nodes	3.78
nodus	1.29
noels	1.43
noggs	1.17
nohow	1.43
noils	0.00
noily	0.00
noint	0.00
noirs	2.14
noise	4.55
noisy	3.67
noles	1.90
nolls	0.00
nolos	0.00
nomad	3.07
nomas	1.27
nomen	2.21
nomes	1.61
nomic	1.22
nomoi	0.00
nomos	2.09
nonas	0.00
nonce	2.44
nones	1.83
nonet	1.39
nongs	0.00
nonis	1.87
nonny	1.61
nonyl	0.00
noobs	2.42
nooit	1.32
nooks	2.59
nooky	1.09
noons	1.71
noops	0.00
noose	2.98
nopal	1.67
noria	1.56
noris	1.47
norks	1.15
norma	3.33
norms	3.76
north	5.34
nosed	3.14
noser	1.59
noses	3.45
nosey	2.55
notal	0.00
notch	3.78
noted	4.69
noter	1.27
notes	4.84
notum	1.17
nould	0.00
noule	0.00
nouls	0.00
nouns	3.26
nouny	0.00
noups	0.00
novae	2.03
novas	2.10
novel	4.63
novum	2.05
noway	1.91
nowed	0.00
nowls	0.00
nowts	0.00
nowty	0.00
noxal	0.00
noxes	0.00
noyau	0.00
noyed	0.00
noyes	2.62
nubby	1.65
nubia	2.45
nucha	0.00
nuddy	0.00
nuder	0.00
nudes	3.24
nudge	3.22
nudie	2.22
nudzh	0.00
nuffs	0.00
nugae	0.00
nuked	2.39
nukes	3.14
nulla	2.01
nulls	1.87
numbs	2.09
numen	1.55
nummy	1.30
nunny	0.00
nurds	0.00
nurdy	0.00
nurls	0.00
nurrs	0.00
nurse	4.40
nutso	1.91
nutsy	1.18
nutty	3.19
nyaff	0.00
nyala	1.55
nying	0.00
nylon	3.42
nymph	2.87
nyssa	2.48
oaked	1.49
oaken	1.94
oaker	0.00
oakum	1.51
oared	1.59
oases	2.36
oasis	3.56
oasts	0.00
oaten	1.55
oater	0.00
oaths	2.91
oaves	0.00
obang	0.00
obeah	1.81
obeli	0.00
obese	3.68
obeys	2.67
obias	0.00
obied	0.00
obiit	1.18
obits	2.05
objet	2.03
oboes	1.94
obole	0.00
oboli	1.17
obols	1.11
occam	1.72
occur	4.47
ocean	4.70
ocher	2.04
oches	0.00
ochre	2.69
ochry	0.00
ocker	1.76
ocrea	0.00
octad	0.00
octal	2.13
octan	1.08
octas	0.00
octet	2.24
octyl	1.50
oculi	1.73
odahs	0.00
odals	0.00
odder	2.10
oddly	3.56
odeon	2.57
odeum	1.07
odism	0.00
odist	0.00
odium	2.00
odors	2.97
odour	2.96
odyle	0.00
odyls	0.00
ofays	0.00
offal	2.51
offed	2.13
offer	5.05
offie	1.48
oflag	1.02
often	5.41
ofter	1.49
ogams	0.00
ogeed	0.00
ogees	0.00
oggin	0.00
ogham	1.56
ogive	1.62
ogled	1.88
ogler	0.00
ogles	1.47
ogmic	0.00
ogres	2.49
ohias	0.00
ohing	0.00
ohmic	1.91
ohone	0.00
oidia	0.00
oiled	3.10
oiler	2.36
oinks	1.05
oints	0.00
ojime	0.00
okapi	1.85
okays	1.70
okehs	0.00
okras	0.00
oktas	0.00
olden	2.84
older	4.92
oldie	2.65
oleic	2.19
olein	1.05
olent	0.00
oleos	0.00
oleum	1.75
olios	0.00
olive	4.09
ollas	1.04
ollav	0.00
oller	1.57
ollie	3.30
ology	2.01
olpae	0.00
olpes	0.00
omasa	0.00
omber	0.00
ombre	2.59
ombus	0.00
omega	3.78
omens	2.77
omers	1.56
omits	2.71
omlah	0.00
omovs	0.00
omrah	0.00
oncer	0.00
onces	1.50
oncet	0.00
oncus	0.00
onely	1.55
oners	0.00
onery	0.00
onion	3.89
onium	1.07
onkus	0.00
onlay	1.27
onned	0.00
onset	3.72
ontic	1.30
oobit	0.00
oohed	1.05
oomph	2.62
oonts	0.00
ooped	0.00
oorie	0.00
ooses	0.00
ootid	0.00
oozed	2.34
oozes	2.63
opahs	0.00
opals	2.34
opens	4.43
opepe	0.00
opera	4.27
opine	2.30
oping	1.31
opium	3.46
oppos	1.23
opsin	1.58
opted	3.75
opter	0.00
optic	3.65
orach	1.15
oracy	1.09
orals	1.69
orang	2.69
orant	0.00
orate	1.49
orbed	1.39
orbit	4.03
orcas	2.74
orcin	0.00
order	5.49
ordos	1.80
oread	1.30
orfes	0.00
organ	4.14
orgia	0.00
orgic	0.00
orgue	1.17
oribi	1.10
oriel	2.49
orixa	0.00
orles	0.00
orlon	1.21
orlop	1.09
ormer	1.23
ornis	0.00
orpin	0.00
orris	1.84
ortho	2.81
orval	2.01
orzos	0.00
oscar	4.31
oshac	0.00
osier	1.54
osmic	0.00
osmol	0.00
ossia	1.28
ostia	2.30
otaku	2.66
otary	0.00
other	6.16
ottar	1.23
otter	3.37
ottos	1.59
oubit	0.00
oucht	0.00
ouens	0.00
ought	4.35
ouija	2.74
oulks	0.00
oumas	0.00
ounce	3.80
oundy	0.00
oupas	0.00
ouped	0.00
ouphe	0.00
ouphs	0.00
ourie	0.00
ousel	0.00
ousts	1.80
outby	0.00
outdo	2.72
outed	2.91
outer	4.25
outgo	1.34
outre	1.91
outro	2.80
outta	4.10
ouzel	1.46
ouzos	0.00
ovals	2.47
ovary	2.94
ovate	2.58
ovels	0.00
ovens	3.22
overs	3.56
overt	3.31
ovine	1.68
ovist	0.00
ovoid	2.42
ovoli	0.00
ovolo	1.26
ovule	1.76
owche	0.00
owies	0.00
owing	3.73
owled	0.00
owler	2.14
owlet	1.83
owned	4.76
owner	4.83
owres	0.00
owrie	0.00
owsen	0.00
oxbow	2.17
oxers	0.00
oxeye	0.00
oxide	3.66
oxids	0.00
oxies	0.00
oxime	1.66
oxims	0.00
oxlip	0.00
oxter	0.00
oyers	0.00
ozeki	1.55
ozone	3.42
ozzie	2.81
paals	0.00
paans	0.00
pacas	1.02
paced	3.56
pacer	2.71
paces	3.17
pacey	2.41
pacha	2.41
packs	3.94
pacos	1.25
pacta	1.34
pacts	2.61
paddy	3.62
padis	0.00
padle	0.00
padma	2.65
padre	3.11
padri	1.21
paean	2.41
paedo	2.03
paeon	1.09
pagan	3.56
paged	2.45
pager	2.63
pages	4.62
pagle	0.00
pagod	0.00
pagri	0.00
paiks	0.00
pails	2.15
pains	3.84
paint	4.52
paire	1.99
pairs	4.11
paisa	2.30
paise	2.24
pakka	2.00
palas	1.57
palay	1.61
palea	1.29
paled	2.28
paler	2.87
pales	2.73
palet	1.40
palis	1.34
palki	0.00
palla	1.85
palls	1.43
pally	2.44
palms	3.55
palmy	1.60
palpi	1.97
palps	1.97
palsa	0.00
palsy	3.20
pampa	2.28
panax	1.64
pance	1.33
panda	3.65
pands	0.00
pandy	1.83
paned	1.96
panel	4.55
panes	2.89
panga	1.84
pangs	2.60
panic	4.26
panim	0.00
panko	2.01
panne	1.73
panni	1.26
pansy	2.77
panto	2.40
pants	4.48
panty	2.97
paoli	2.25
paolo	3.40
papal	3.40
papas	2.45
papaw	1.73
paper	5.07
papes	1.60
pappi	1.69
pappy	2.56
parae	0.00
paras	2.68
parch	1.45
pardi	1.88
pards	1.34
pardy	1.84
pared	2.75
paren	1.63
pareo	1.15
parer	1.55
pares	2.17
pareu	0.00
parev	0.00
parge	0.00
pargo	1.49
paris	4.82
parka	2.76
parki	1.24
parks	4.33
parky	1.68
parle	2.25
parly	1.77
parma	3.01
parol	1.79
parps	0.00
parra	2.65
parrs	1.41
parry	3.44
parse	2.98
parti	2.77
parts	5.07
party	5.49
parve	1.11
parvo	1.87
paseo	2.40
pases	0.00
pasha	3.14
pashm	0.00
paska	0.00
paspy	0.00
passe	2.53
pasta	3.92
paste	3.91
pasts	2.64
pasty	2.88
patch	4.20
pated	1.38
paten	1.93
pater	2.52
pates	1.65
paths	4.02
patin	1.74
patio	3.44
patka	1.01
patly	0.00
patsy	3.12
patte	1.51
patty	3.58
patus	0.00
pauas	0.00
pauls	2.61
pause	4.00
pavan	2.02
paved	3.62
paven	0.00
paver	2.06
paves	2.50
pavid	0.00
pavin	1.62
pavis	1.14
pawas	0.00
pawaw	0.00
pawed	1.99
pawer	0.00
pawks	0.00
pawky	0.00
pawls	1.20
pawns	2.99
paxes	0.00
payed	2.95
payee	2.29
payer	3.22
payor	1.83
paysd	0.00
peace	5.02
peach	3.77
peage	0.00
peags	0.00
peaks	3.87
peaky	2.47
peals	1.87
peans	0.00
peare	0.00
pearl	4.14
pears	3.16
peart	2.19
pease	2.80
peats	2.07
peaty	2.29
peavy	2.18
peaze	0.00
pebas	0.00
pecan	2.93
pechs	0.00
pecke	0.00
pecks	2.28
pecky	1.16
pedal	3.64
pedes	1.98
pedis	2.11
pedro	3.75
peece	0.00
peeks	2.60
peels	2.80
peens	1.31
peeoy	0.00
peepe	0.00
peeps	3.10
peers	4.02
peery	1.54
peeve	2.80
peggy	3.57
peghs	0.00
peins	0.00
peise	0.00
peize	0.00
pekan	1.37
pekes	0.00
pekin	2.33
pekoe	1.71
pelas	1.19
pelau	0.00
peles	1.33
pelfs	0.00
pells	1.52
pelma	0.00
pelon	1.40
pelta	0.00
pelts	2.65
penal	3.46
pence	3.66
pends	1.24
pendu	1.07
pened	0.00
penes	1.29
pengo	1.26
penie	0.00
penis	4.05
penks	0.00
penna	2.22
penne	2.47
penni	1.34
penny	4.07
pents	0.00
peons	2.27
peony	2.57
pepla	0.00
pepos	0.00
peppy	2.53
pepsi	3.44
perai	1.15
perce	2.45
perch	3.29
percs	1.94
perdu	2.03
perdy	1.32
perea	1.90
peres	2.82
peril	3.40
peris	2.00
perks	3.62
perky	2.95
perms	2.08
perns	0.00
perog	0.00
perps	2.24
perry	4.22
perse	2.24
perst	0.00
perts	0.00
perve	1.45
pervo	1.04
pervs	2.23
pervy	2.37
pesky	3.10
pesos	3.23
pesto	2.88
pests	3.41
pesty	1.18
petal	3.04
petar	2.27
peter	4.88
petit	3.27
petre	2.18
petri	2.98
petti	1.52
petto	1.43
petty	4.07
pewee	1.64
pewit	0.00
peyse	0.00
phage	2.66
phang	1.86
phare	1.75
pharm	2.43
phase	4.64
pheer	0.00
phene	0.00
pheon	0.00
phese	0.00
phial	1.93
phish	2.71
phizz	0.00
phlox	2.35
phoca	1.47
phone	5.30
phono	2.29
phons	0.00
phony	3.35
photo	4.97
phots	1.24
phpht	0.00
phuts	0.00
phyla	2.04
phyle	0.00
piani	1.21
piano	4.31
pians	0.00
pibal	0.00
pical	0.00
picas	1.21
piccy	0.00
picks	4.24
picky	3.34
picot	2.30
picra	0.00
picul	0.00
piece	5.04
piend	0.00
piers	3.51
piert	0.00
pieta	2.01
piets	0.00
piety	3.09
piezo	2.20
piggy	3.30
pight	0.00
pigmy	1.72
piing	0.00
pikas	1.61
pikau	0.00
piked	1.41
piker	1.70
pikes	2.75
pikey	1.84
pikis	0.00
pikul	1.31
pilae	0.00
pilaf	2.17
pilao	0.00
pilar	2.82
pilau	1.58
pilaw	0.00
pilch	1.57
pilea	1.15
piled	3.41
pilei	0.00
piler	0.00
piles	3.59
pilis	1.24
pills	4.05
pilot	4.52
pilow	0.00
pilum	1.29
pilus	1.48
pimas	0.00
pimps	2.86
pinas	1.69
pinch	3.76
pined	2.04
pines	3.44
piney	2.48
pingo	1.56
pings	2.93
pinko	2.05
pinks	2.80
pinky	3.39
pinna	2.10
pinny	1.61
pinon	1.88
pinot	3.09
pinta	2.06
pinto	3.12
pints	3.22
pinup	2.32
pions	1.70
piony	0.00
pious	3.31
pioye	0.00
pioys	0.00
pipal	1.36
pipas	0.00
piped	2.96
piper	3.68
pipes	3.95
pipet	1.17
pipis	1.09
pipit	1.87
pippy	1.59
pipul	0.00
pique	2.93
pirai	0.00
pirls	1.17
pirns	0.00
pirog	1.04
pisco	2.19
pises	0.00
pisky	0.00
pisos	0.00
pissy	2.72
piste	2.39
pitas	1.84
pitch	4.43
piths	0.00
pithy	2.61
piton	1.95
pitot	1.95
pitta	2.42
piums	0.00
pivot	3.50
pixel	3.72
pixes	0.00
pixie	3.15
pized	0.00
pizes	0.00
pizza	4.43
plaas	0.00
place	5.71
plack	1.41
plage	2.12
plaid	3.33
plain	4.43
plait	2.42
plane	4.72
plank	3.46
plans	5.01
plant	4.89
plaps	0.00
plash	1.31
plasm	1.68
plast	1.84
plate	4.55
plats	2.21
platt	3.06
platy	1.71
playa	3.18
plays	4.84
plaza	3.91
plead	3.63
pleas	3.51
pleat	2.19
plebe	1.88
plebs	2.62
plena	1.87
pleon	0.00
plesh	0.00
plews	1.20
plica	1.49
plied	2.56
plier	1.66
plies	2.60
plims	0.00
pling	1.50
plink	1.83
ploat	0.00
plods	1.70
plong	0.00
plonk	2.15
plook	0.00
plops	2.02
plots	3.77
plotz	1.62
plouk	0.00
plows	2.69
ploye	0.00
ploys	2.21
pluck	3.13
plues	0.00
pluff	0.00
plugs	3.47
plumb	2.92
plume	3.19
plump	3.19
plums	2.97
plumy	0.00
plunk	2.11
pluot	0.00
plush	3.33
pluto	3.35
plyer	0.00
poach	2.68
poaka	0.00
poake	0.00
poboy	0.00
pocks	1.27
pocky	2.02
podal	0.00
poddy	1.07
podex	0.00
podge	2.22
podgy	1.65
podia	1.38
poems	4.11
poeps	0.00
poesy	1.66
poets	3.84
pogey	0.00
pogge	1.48
pogos	0.00
pohed	0.00
poilu	1.29
poind	0.00
point	5.54
poise	3.04
pokal	1.74
poked	3.23
poker	3.97
pokes	2.92
pokey	2.54
pokie	1.76
polar	3.96
poled	1.62
poler	0.00
poles	3.88
poley	1.77
polio	3.27
polis	2.74
polje	1.50
polka	3.20
polks	1.19
polls	4.10
polly	3.40
polos	2.31
polts	0.00
polyp	2.39
polys	1.71
pombe	1.65
pomes	1.03
pommy	1.70
pomos	0.00
pomps	1.33
ponce	2.89
poncy	1.45
ponds	3.46
pones	1.19
poney	1.32
ponga	1.67
pongo	2.17
pongs	1.51
pongy	0.00
ponks	0.00
ponts	1.81
ponty	2.27
ponzu	1.69
pooch	2.97
poods	1.51
pooed	1.65
poofs	1.89
poofy	2.13
poohs	1.42
pooja	2.90
pooka	1.73
pooks	1.21
pools	3.87
poons	1.13
poops	2.57
poopy	2.50
poori	1.51
poort	1.49
poots	1.97
poove	0.00
poovy	0.00
popes	3.08
poppa	2.56
poppy	3.59
popsy	1.39
porae	0.00
poral	0.00
porch	3.85
pored	2.20
porer	0.00
pores	3.40
porge	0.00
porgy	2.25
porin	1.30
porks	1.25
porky	2.67
porno	3.36
porns	1.71
porny	1.48
porta	2.92
ports	4.07
porty	1.40
posed	3.81
poser	2.67
poses	3.79
posey	2.92
posho	1.13
posit	2.76
posse	3.18
posts	4.65
potae	0.00
potch	1.68
poted	0.00
potes	1.44
potin	1.08
potoo	1.14
potsy	1.06
potto	1.49
potts	3.14
potty	3.26
pouch	3.43
pouff	0.00
poufs	1.13
pouke	0.00
pouks	0.00
poule	1.56
poulp	0.00
poult	1.25
pound	4.32
poupe	0.00
poupt	0.00
pours	3.22
pouts	2.06
pouty	2.38
powan	0.00
power	5.52
powin	0.00
pownd	0.00
powns	0.00
powny	0.00
powre	0.00
poxed	0.00
poxes	0.00
poynt	1.09
poyou	0.00
poyse	0.00
pozzy	0.00
praam	0.00
prads	0.00
prahu	0.00
prams	2.09
prana	2.30
prang	2.10
prank	3.70
praos	0.00
prase	1.01
prate	1.52
prats	1.84
pratt	3.59
praty	0.00
praus	0.00
prawn	2.87
prays	3.10
predy	0.00
preed	0.00
preen	2.16
prees	1.24
preif	0.00
prems	1.53
premy	0.00
prent	1.35
preon	1.01
preop	1.41
preps	2.47
presa	1.80
prese	1.61
press	5.16
prest	2.01
preve	1.29
prexy	1.14
preys	2.50
prial	0.00
price	5.23
prick	3.60
pricy	2.22
pride	4.49
pried	2.39
prief	0.00
prier	1.21
pries	1.85
prigs	1.43
prill	1.40
prima	3.34
prime	4.81
primi	1.76
primo	2.99
primp	1.55
prims	1.41
primy	0.00
prink	1.05
print	4.54
prion	2.52
prior	4.85
prise	2.45
prism	3.44
priss	1.57
privy	3.46
prize	4.59
proas	0.00
probe	3.99
probs	2.79
prods	2.33
proem	1.25
profs	2.52
progs	1.78
proin	0.00
proke	0.00
prole	1.79
proll	1.02
promo	3.81
proms	2.86
prone	3.93
prong	2.80
pronk	1.54
proof	4.70
props	3.72
prore	0.00
prose	3.72
proso	1.07
pross	1.69
prost	2.62
prosy	1.03
proto	3.23
proud	4.78
proul	0.00
prove	4.77
prowl	2.75
prows	1.35
proxy	3.73
proyn	0.00
prude	2.58
prune	2.96
prunt	0.00
pruta	0.00
pryer	1.40
pryse	1.47
psalm	3.56
pseud	1.61
pshaw	1.79
psion	1.77
psoae	0.00
psoai	0.00
psoas	1.91
psora	0.00
psych	3.48
psyop	2.07
pubco	0.00
pubes	2.68
pubic	3.07
pubis	2.27
pucan	0.00
pucer	0.00
puces	1.16
pucka	0.00
pucks	2.53
puddy	1.91
pudge	2.23
pudgy	2.47
pudic	0.00
pudor	0.00
pudsy	0.00
pudus	0.00
puers	0.00
puffa	1.30
puffs	3.08
puffy	3.13
puggy	1.70
pugil	0.00
puhas	0.00
pujah	0.00
pujas	1.59
pukas	0.00
puked	2.76
puker	1.23
pukes	2.19
pukey	1.47
pukka	1.91
pukus	0.00
pulao	1.56
pulas	0.00
puled	0.00
puler	0.00
pules	0.00
pulik	0.00
pulis	2.48
pulka	0.00
pulks	0.00
pulli	1.22
pulls	4.01
pully	1.58
pulmo	1.26
pulps	2.12
pulpy	2.23
pulse	4.06
pulus	0.00
pumas	2.66
pumie	0.00
pumps	3.83
punas	0.00
punce	0.00
punch	4.32
punga	1.12
pungs	0.00
punji	1.33
punka	0.00
punks	2.98
punky	2.34
punny	2.07
punto	2.39
punts	2.66
punty	0.00
pupae	2.35
pupal	2.15
pupas	0.00
pupil	3.81
puppy	4.00
pupus	0.00
purda	0.00
pured	0.00
puree	2.87
purer	2.53
pures	1.55
purge	3.57
purin	1.37
puris	1.47
purls	1.26
purpy	0.00
purrs	2.40
purse	3.95
pursy	0.00
purty	2.05
puses	0.00
pushy	3.00
pusle	0.00
pussy	4.24
putid	0.00
puton	1.11
putti	1.90
putto	1.27
putts	2.45
putty	2.89
puzel	0.00
pwned	1.91
pyats	0.00
pyets	0.00
pygal	0.00
pygmy	2.72
pyins	0.00
pylon	2.67
pyned	0.00
pynes	1.02
pyoid	0.00
pyots	0.00
pyral	0.00
pyran	1.07
pyres	1.86
pyrex	2.51
pyric	0.00
pyros	1.82
pyxed	0.00
pyxes	0.00
pyxie	0.00
pyxis	1.77
pzazz	0.00
qadis	1.04
qaids	0.00
qajaq	0.00
qanat	1.13
qapik	0.00
qibla	1.92
qophs	0.00
qorma	0.00
quack	3.06
quads	2.77
quaff	1.82
quags	0.00
quail	3.13
quair	1.02
quais	1.38
quake	3.45
quaky	0.00
quale	1.76
qualm	1.89
quant	2.57
quare	1.71
quark	3.05
quart	3.01
quash	2.75
quasi	3.49
quass	0.00
quate	1.44
quats	0.00
quayd	0.00
quays	2.53
qubit	2.17
quean	1.08
queen	4.86
queer	3.76
quell	3.00
queme	0.00
quena	1.03
quern	1.59
query	3.64
quest	4.27
queue	3.78
queyn	0.00
queys	0.00
quich	0.00
quick	4.98
quids	1.86
quiet	4.65
quiff	2.06
quill	3.11
quilt	3.25
quims	0.00
quina	1.74
quine	2.36
quino	1.55
quins	1.96
quint	2.64
quipo	0.00
quips	2.62
quipu	1.46
quire	2.22
quirk	3.13
quirt	1.58
quist	1.97
quite	5.29
quits	3.39
quoad	1.65
quods	0.00
quoif	0.00
quoin	1.64
quoit	1.51
quoll	1.53
quonk	0.00
quops	0.00
quota	3.53
quote	4.51
quoth	2.08
qursh	0.00
quyte	0.00
rabat	2.60
rabbi	3.69
rabic	0.00
rabid	3.13
rabis	0.00
raced	3.59
racer	3.45
races	4.38
rache	1.73
racks	3.37
racon	1.11
radar	4.20
radge	1.22
radii	2.55
radio	5.01
radix	2.25
radon	2.89
raffs	0.00
rafts	2.88
ragas	1.86
ragde	0.00
raged	3.06
ragee	0.00
rager	2.43
rages	3.06
ragga	1.88
raggs	1.03
raggy	1.58
ragis	0.00
ragus	0.00
rahed	0.00
rahui	0.00
raias	0.00
raids	3.89
raiks	0.00
raile	0.00
rails	3.79
raine	2.68
rains	3.84
rainy	3.74
raird	0.00
raise	4.75
raita	1.92
raits	0.00
rajah	2.65
rajas	2.10
rajes	0.00
raked	2.86
rakee	0.00
raker	1.88
rakes	2.71
rakia	1.33
rakis	0.00
rakus	0.00
rales	1.56
rally	4.34
ralph	4.10
ramal	1.66
ramee	1.26
ramen	3.35
ramet	1.05
ramie	1.62
ramin	2.23
ramis	2.24
rammy	1.60
ramps	3.28
ramus	2.09
ranas	1.28
rance	2.63
ranch	4.03
rands	2.13
randy	3.92
ranee	1.56
ranga	2.16
range	5.12
rangi	2.03
rangs	1.19
rangy	1.91
ranid	0.00
ranis	1.23
ranke	1.78
ranks	4.23
rants	3.12
raped	4.08
raper	2.30
rapes	3.36
raphe	1.83
rapid	4.38
rappe	1.47
rared	0.00
raree	0.00
rarer	3.05
rares	2.34
rarks	0.00
rased	0.00
raser	1.05
rases	0.00
rasps	1.81
raspy	2.64
rasse	1.07
rasta	2.50
ratal	0.00
ratan	2.32
ratas	1.26
ratch	1.31
rated	4.30
ratel	1.25
rater	2.30
rates	4.88
ratha	1.78
rathe	1.76
raths	1.62
ratio	4.37
ratoo	0.00
ratos	0.00
ratty	2.47
ratus	0.00
rauns	0.00
raupo	0.00
raved	2.50
ravel	2.71
raven	3.79
raver	2.19
raves	2.83
ravey	1.23
ravin	2.01
rawer	1.62
rawin	0.00
rawly	1.38
rawns	0.00
raxed	0.00
raxes	0.00
rayah	0.00
rayas	1.30
rayed	2.41
rayle	0.00
rayne	2.40
rayon	2.99
razed	2.79
razee	1.10
razer	2.86
razes	1.42
razoo	0.00
razor	3.72
reach	4.94
react	4.16
readd	0.00
reads	4.25
ready	5.28
reais	2.08
reaks	0.00
realm	4.06
realo	0.00
reals	2.73
reame	0.00
reams	2.58
reamy	0.00
reans	0.00
reaps	2.34
rearm	2.14
rears	2.60
reast	0.00
reata	1.48
reate	1.17
reave	1.33
rebar	2.57
rebbe	2.35
rebec	1.29
rebel	4.08
rebid	1.57
rebit	0.00
rebop	0.00
rebus	2.53
rebut	2.60
rebuy	1.84
recal	1.37
recap	3.45
recce	2.22
recco	1.75
reccy	0.00
recit	1.25
recks	1.08
recon	3.24
recta	1.74
recti	1.49
recto	2.24
recur	2.65
recut	2.13
redan	1.66
redds	1.53
reddy	3.08
reded	0.00
redes	1.66
redia	0.00
redid	2.29
redip	0.00
redly	0.00
redon	1.76
redos	1.24
redox	2.75
redry	0.00
redub	1.20
redux	2.74
redye	0.00
reech	0.00
reede	1.54
reeds	3.02
reedy	2.56
reefs	3.36
reefy	0.00
reeks	2.81
reeky	0.00
reels	3.12
reens	0.00
reest	0.00
reeve	2.91
refed	0.00
refel	0.00
refer	4.45
reffo	0.00
refis	0.00
refit	2.67
refix	1.16
refly	0.00
refry	0.00
regal	3.34
regar	1.59
reges	1.26
reggo	0.00
regie	1.66
regma	0.00
regna	1.48
regos	0.00
regur	0.00
rehab	3.79
rehem	0.00
reifs	0.00
reify	1.55
reign	4.07
reiki	2.59
reiks	0.00
reink	0.00
reins	3.31
reird	0.00
reist	1.48
reive	0.00
rejig	1.52
rejon	0.00
reked	0.00
rekes	0.00
rekey	1.14
relax	4.29
relay	3.86
relet	1.13
relic	3.37
relie	1.18
relit	1.65
rello	0.00
reman	2.02
remap	1.94
remen	1.14
remet	0.00
remex	0.00
remit	3.09
remix	3.99
renal	3.44
renay	1.28
rends	1.50
renew	3.73
reney	0.00
renga	1.59
renig	0.00
renin	2.09
renne	1.79
renos	1.78
rente	0.00
rents	3.58
reoil	0.00
reorg	1.60
repay	3.66
repeg	0.00
repel	3.20
repin	1.87
repla	0.00
reply	4.50
repos	2.43
repot	1.82
repps	0.00
repro	2.25
reran	1.53
rerig	0.00
rerun	2.90
resat	0.00
resaw	0.00
resay	0.00
resee	0.00
reses	0.00
reset	3.83
resew	0.00
resid	1.51
resin	3.61
resit	1.89
resod	0.00
resow	0.00
resto	2.55
rests	3.64
resty	0.00
resus	1.40
retag	0.00
retax	0.00
retch	2.04
retem	0.00
retia	0.00
retie	1.34
retox	1.23
retro	3.73
retry	2.57
reuse	3.37
revel	3.11
revet	0.00
revie	2.16
revue	3.07
rewan	0.00
rewax	0.00
rewed	0.00
rewet	0.00
rewin	0.00
rewon	0.00
rewth	0.00
rexes	1.53
rezes	0.00
rheas	1.48
rheme	0.00
rheum	1.79
rhies	0.00
rhime	0.00
rhine	3.28
rhino	3.57
rhody	1.57
rhomb	1.44
rhone	2.66
rhumb	1.39
rhyme	3.56
rhyne	1.81
rhyta	0.00
riads	1.18
rials	2.07
riant	1.19
riata	1.46
ribas	1.92
ribby	1.23
ribes	1.96
riced	1.43
ricer	1.80
rices	1.89
ricey	1.03
richt	2.14
ricin	2.40
ricks	2.65
rider	4.02
rides	4.06
ridge	4.12
ridgy	1.06
ridic	1.89
riels	1.12
riems	0.00
rieve	0.00
rifer	0.00
riffs	3.10
rifle	4.18
rifte	0.00
rifts	2.75
rifty	0.00
riggs	3.09
right	5.96
rigid	3.75
rigol	1.07
rigor	3.07
riled	2.84
riles	2.21
riley	3.90
rille	1.34
rills	1.47
rimae	0.00
rimed	1.03
rimer	1.72
rimes	2.40
rimus	0.00
rinds	2.32
rindy	1.10
rines	1.38
rings	4.33
rinks	2.56
rinse	3.48
rioja	2.42
riots	3.87
riped	1.22
ripen	2.64
riper	1.95
ripes	0.00
ripps	1.03
risen	3.86
riser	2.88
rises	4.07
rishi	2.75
risks	4.35
risky	3.94
risps	0.00
risus	1.49
rites	3.44
ritts	1.67
ritzy	2.23
rival	4.18
rivas	2.55
rived	1.21
rivel	0.00
riven	2.72
river	5.03
rives	2.23
rivet	2.69
riyal	1.69
rizas	0.00
roach	3.44
roads	4.55
roams	2.52
roans	1.44
roars	2.91
roary	1.36
roast	3.87
roate	0.00
robed	2.43
robes	3.39
robin	4.33
roble	1.72
robot	4.24
rocks	4.38
rocky	4.16
roded	0.00
rodeo	3.47
rodes	1.89
roger	4.39
rogue	3.89
roguy	0.00
rohes	0.00
roids	2.05
roils	1.42
roily	0.00
roins	0.00
roist	0.00
rojak	1.38
rojis	0.00
roked	0.00
roker	2.23
rokes	0.00
rolag	0.00
roles	4.44
rolfs	1.22
rolls	4.23
romal	0.00
roman	4.50
romeo	3.71
romps	1.99
ronde	2.29
rondo	3.03
roneo	1.07
rones	0.00
ronin	2.77
ronne	1.42
ronte	0.00
ronts	0.00
roods	1.44
roofs	3.58
roofy	0.00
rooks	2.56
rooky	1.13
rooms	4.56
roomy	2.67
roons	0.00
roops	0.00
roopy	0.00
roosa	1.68
roose	2.33
roost	3.00
roots	4.34
rooty	2.03
roped	2.83
roper	3.07
ropes	3.66
ropey	1.92
roque	2.56
roral	0.00
rores	0.00
roric	0.00
rorid	0.00
rorie	1.44
rorts	1.45
rorty	1.96
rosed	0.00
roses	4.01
roset	1.38
roshi	2.30
rosin	2.53
rosit	0.00
rosti	1.54
rosts	0.00
rotal	0.00
rotan	1.44
rotas	1.72
rotch	1.60
roted	0.00
rotes	1.53
rotis	1.69
rotls	0.00
roton	1.23
rotor	3.42
rotos	0.00
rotte	0.00
rouen	2.77
roues	0.00
rouge	3.66
rough	4.49
roule	1.39
rouls	0.00
roums	0.00
round	5.14
roups	0.00
roupy	0.00
rouse	3.10
roust	1.59
route	4.67
routh	2.12
routs	2.09
roved	1.59
roven	1.40
rover	3.76
roves	1.44
rowan	3.32
rowdy	3.21
rowed	2.78
rowel	1.27
rowen	2.03
rower	3.11
rowie	0.00
rowme	0.00
rownd	0.00
rowth	0.00
rowts	0.00
royal	4.85
royne	0.00
royst	0.00
rozet	0.00
rozit	0.00
ruana	1.09
rubai	0.00
rubby	1.53
rubel	1.96
rubes	2.22
rubin	3.35
ruble	2.62
rubli	0.00
rubus	2.02
ruche	1.32
rucks	1.93
rudas	1.24
rudds	1.14
ruddy	3.01
ruder	2.13
rudes	1.28
rudie	1.63
rudis	1.48
rueda	2.04
ruers	0.00
ruffe	1.12
ruffs	1.72
rugae	1.56
rugal	1.34
rugby	4.40
ruggy	0.00
ruing	1.64
ruins	4.02
rukhs	0.00
ruled	4.30
ruler	3.84
rules	5.06
rumal	1.10
rumba	2.63
rumbo	1.43
rumen	2.30
rumes	0.00
rumly	0.00
rummy	2.37
rumor	3.73
rumpo	0.00
rumps	1.71
rumpy	1.18
runch	0.00
runds	0.00
runed	1.10
runes	2.89
rungs	2.55
runic	2.39
runny	2.94
runts	1.79
runty	1.39
rupee	3.04
rupia	0.00
rural	4.59
rurps	0.00
rurus	0.00
rusas	0.00
ruses	1.84
rushy	1.48
rusks	1.50
rusma	0.00
russe	2.30
rusts	2.06
rusty	3.61
ruths	1.43
rutin	1.56
rutty	1.50
ryals	1.11
rybat	0.00
ryked	0.00
rykes	0.00
rymme	0.00
rynds	0.00
ryots	0.00
ryper	0.00
saags	0.00
sabal	1.75
sabed	0.00
saber	3.18
sabes	1.79
sabha	3.10
sabin	2.49
sabir	1.90
sable	2.99
sabot	2.06
sabra	2.51
sabre	3.02
sacks	3.59
sacra	2.68
saddo	1.23
sades	0.00
sadhe	0.00
sadhu	2.20
sadis	0.00
sadly	4.18
sados	0.00
sadza	1.01
safed	1.95
safer	4.09
safes	2.77
sagas	2.61
sager	2.49
sages	2.92
saggy	2.70
sagos	0.00
sagum	0.00
saheb	2.56
sahib	3.01
saice	0.00
saick	0.00
saics	0.00
saids	1.64
saiga	2.01
sails	3.52
saims	0.00
saine	1.51
sains	1.73
saint	4.41
sairs	0.00
saist	0.00
saith	2.94
sajou	0.00
sakai	2.50
saker	2.04
sakes	2.90
sakia	0.00
sakis	1.28
sakti	1.96
salad	4.15
salal	1.59
salat	2.22
salep	1.20
sales	5.02
salet	0.00
salic	1.80
salix	2.34
salle	3.17
sally	3.97
salmi	1.59
salol	0.00
salon	3.87
salop	2.01
salpa	1.29
salps	1.44
salsa	3.53
salse	0.00
salto	2.03
salts	3.41
salty	3.74
salue	0.00
salut	2.32
salve	2.81
salvo	2.86
saman	2.01
samas	1.55
samba	3.18
sambo	2.51
samek	1.04
samel	1.19
samen	1.55
sames	1.66
samey	1.76
samfu	0.00
sammy	3.60
sampi	0.00
samps	0.00
sands	3.81
sandy	4.19
saned	0.00
saner	2.25
sanes	1.25
sanga	2.04
sangh	2.53
sango	2.15
sangs	1.37
sanko	1.55
sansa	2.95
santo	3.36
sants	1.96
saola	1.22
sapan	1.26
sapid	1.02
sapor	1.05
sappy	2.68
saran	2.60
sards	0.00
sared	0.00
saree	2.63
sarge	2.54
sargo	0.00
sarin	2.79
saris	2.40
sarks	1.10
sarky	1.43
sarod	1.36
saros	1.81
sarus	1.09
saser	0.00
sasin	1.09
sasse	2.27
sassy	3.21
satai	0.00
satay	2.24
sated	2.43
satem	1.25
sates	2.10
satin	3.39
satis	1.94
satyr	2.47
sauba	0.00
sauce	4.30
sauch	0.00
saucy	2.90
saugh	0.00
sauls	1.56
sault	2.65
sauna	3.25
saunt	0.00
saury	1.51
saute	2.46
sauts	0.00
saved	4.67
saver	3.27
saves	4.07
savey	0.00
savin	2.56
savor	2.98
savoy	3.09
savvy	3.56
sawah	1.33
sawed	2.80
sawer	1.55
saxes	1.66
sayed	2.61
sayer	2.50
sayid	2.24
sayne	0.00
sayon	1.12
sayst	0.00
sazes	0.00
scabs	2.58
scads	1.88
scaff	1.10
scags	0.00
scail	0.00
scala	3.01
scald	2.17
scale	4.83
scall	0.00
scalp	3.48
scaly	2.81
scamp	2.32
scams	3.37
scand	1.45
scans	3.62
scant	3.10
scapa	2.04
scape	2.71
scapi	0.00
scare	4.07
scarf	3.68
scarp	2.28
scars	3.76
scart	1.76
scary	4.37
scath	0.00
scats	1.79
scatt	1.08
scaud	0.00
scaup	1.74
scaur	0.00
scaws	0.00
sceat	0.00
scena	1.63
scend	0.00
scene	4.97
scent	3.82
schav	0.00
schmo	1.80
schul	1.28
schwa	1.86
scion	3.03
sclim	0.00
scody	0.00
scoff	2.78
scogs	0.00
scold	2.81
scone	2.74
scoog	0.00
scoop	3.69
scoot	2.79
scopa	1.63
scope	4.26
scops	1.48
score	4.83
scorn	3.13
scots	3.74
scoug	0.00
scoup	0.00
scour	2.97
scout	3.97
scowl	2.51
scowp	0.00
scows	1.31
scrab	0.00
scrae	0.00
scrag	1.48
scram	2.35
scran	1.70
scrap	3.90
scrat	1.66
scraw	0.00
scray	1.02
scree	2.31
screw	4.25
scrim	2.50
scrip	2.60
scrob	0.00
scrod	1.16
scrog	0.00
scrow	0.00
scrub	3.69
scrum	3.25
scuba	3.31
scudi	1.56
scudo	1.47
scuds	1.70
scuff	2.45
scuft	0.00
scugs	0.00
sculk	0.00
scull	2.29
sculp	1.23
sculs	0.00
scums	1.94
scups	0.00
scurf	1.23
scurs	0.00
scuse	2.08
scuta	0.00
scute	1.59
scuts	0.00
scuzz	1.53
scyes	0.00
sdayn	0.00
sdein	0.00
seals	3.85
seame	0.00
seams	3.32
seamy	1.82
seans	1.29
seare	0.00
sears	3.49
sease	1.25
seats	4.53
seaze	0.00
sebum	2.15
secco	1.73
sechs	1.62
sects	3.14
sedan	3.55
seder	2.55
sedes	1.46
sedge	2.39
sedgy	0.00
sedum	2.00
seeds	4.28
seedy	2.83
seeks	4.13
seeld	0.00
seels	0.00
seely	2.21
seems	5.24
seeps	2.67
seepy	0.00
seers	2.42
sefer	2.11
segar	1.81
segni	1.36
segno	1.45
segol	0.00
segos	0.00
segue	2.56
sehri	0.00
seifs	0.00
seils	0.00
seine	3.17
seirs	0.00
seise	0.00
seism	0.00
seity	0.00
seiza	1.33
seize	3.80
sekos	0.00
sekts	0.00
selah	2.44
seles	1.87
selfs	1.87
sella	2.29
selle	1.81
sells	4.09
selva	2.19
semee	0.00
semen	3.38
semes	1.08
semie	0.00
semis	3.06
senas	0.00
sends	4.15
senes	0.00
sengi	1.26
senna	2.94
senor	2.61
sensa	1.75
sense	5.19
sensi	1.97
sente	1.74
senti	1.79
sents	1.34
senvy	0.00
senza	2.17
sepad	0.00
sepal	1.81
sepia	2.78
sepic	0.00
sepoy	2.10
septa	2.70
septs	1.47
serac	1.10
serai	1.77
seral	1.20
sered	1.07
serer	1.23
seres	1.73
serfs	2.70
serge	3.22
seric	0.00
serif	2.64
serin	1.62
serks	0.00
seron	1.37
serow	1.20
serra	2.91
serre	1.94
serrs	0.00
serry	1.72
serum	3.74
serve	4.85
servo	2.90
sesey	0.00
sessa	1.70
setae	2.23
setal	0.00
seton	2.84
setts	1.82
setup	4.09
seven	5.08
sever	3.15
sewan	0.00
sewar	0.00
sewed	2.89
sewel	1.28
sewen	0.00
sewer	3.64
sewin	1.28
sexed	2.48
sexer	0.00
sexes	3.43
sexto	1.45
sexts	1.81
seyen	0.00
shack	3.43
shade	4.16
shads	1.21
shady	3.71
shaft	3.90
shags	1.99
shahs	1.86
shake	4.33
shako	1.69
shakt	0.00
shaky	3.45
shale	3.69
shall	5.03
shalm	0.00
shalt	3.34
shaly	1.13
shama	2.04
shame	4.55
shams	2.65
shand	2.46
shank	3.07
shans	1.41
shape	4.72
shaps	0.00
shard	3.00
share	5.20
shark	4.10
sharn	1.41
sharp	4.48
shash	1.15
shaul	2.15
shave	3.83
shawl	3.17
shawm	1.18
shawn	3.81
shaws	1.94
shaya	1.64
shays	2.04
shchi	0.00
sheaf	2.60
sheal	0.00
shear	3.40
sheas	0.00
sheds	3.48
sheel	1.29
sheen	3.34
sheep	4.19
sheer	4.01
sheet	4.40
sheik	3.10
shelf	4.02
shell	4.39
shend	0.00
shent	0.00
sheol	2.07
sherd	1.44
shere	2.38
shero	2.11
shets	0.00
sheva	2.37
shewn	1.65
shews	1.39
shiai	0.00
shied	2.51
shiel	2.12
shier	1.45
shies	1.96
shift	4.57
shill	2.68
shily	0.00
shims	2.08
shine	4.17
shins	2.68
shiny	3.88
ships	4.55
shire	3.47
shirk	2.66
shirr	0.00
shirs	0.00
shirt	4.63
shish	2.04
shiso	1.69
shist	0.00
shite	3.31
shits	3.64
shiur	1.27
shiva	3.33
shive	1.65
shivs	1.49
shlep	0.00
shlub	0.00
shmek	0.00
shmoe	0.00
shoal	2.93
shoat	1.10
shock	4.46
shoed	1.51
shoer	0.00
shoes	4.67
shogi	1.96
shogs	0.00
shoji	2.27
shojo	1.89
shola	2.07
shone	3.23
shook	4.05
shool	1.60
shoon	1.31
shoos	1.53
shoot	4.73
shope	1.62
shops	4.34
shore	4.33
shorl	0.00
shorn	2.53
short	5.33
shote	0.00
shots	4.63
shott	1.43
shout	4.06
shove	3.66
showd	0.00
shown	4.90
shows	5.23
showy	2.79
shoyu	1.73
shred	3.32
shrew	2.75
shris	0.00
shrow	0.00
shrub	3.19
shrug	3.30
shtik	0.00
shtum	1.03
shtup	0.00
shuck	2.37
shule	1.15
shuln	0.00
shuls	1.10
shuns	2.32
shunt	2.82
shura	2.51
shush	2.75
shute	2.34
shuts	3.49
shwas	0.00
shyer	1.72
shyly	2.42
sials	0.00
sibbs	0.00
sibyl	2.45
sices	0.00
sicht	1.37
sicko	2.55
sicks	1.52
sicky	1.42
sidas	0.00
sided	3.94
sider	2.36
sides	4.73
sidha	0.00
sidhe	1.93
sidle	2.00
siege	3.93
sield	0.00
siens	0.00
sient	0.00
sieth	0.00
sieur	2.18
sieve	3.00
sifts	1.85
sighs	3.38
sight	4.54
sigil	2.37
sigla	1.12
sigma	3.51
signa	1.96
signs	4.71
sijos	0.00
sikas	0.00
siker	0.00
sikes	2.45
silds	0.00
siled	0.00
silen	1.22
siler	2.11
siles	1.61
silex	1.87
silks	2.79
silky	3.26
sills	2.79
silly	4.39
silos	2.94
silts	1.73
silty	2.11
silva	3.77
simar	1.41
simas	1.67
simba	2.94
simis	0.00
simps	1.86
simul	1.84
since	5.75
sinds	1.09
sined	0.00
sines	2.09
sinew	2.33
singe	2.43
sings	3.89
sinhs	0.00
sinks	3.47
sinky	0.00
sinus	3.28
siped	0.00
sipes	1.69
sippy	2.49
sired	2.65
siree	1.67
siren	3.46
sires	2.52
sirih	0.00
siris	1.60
siroc	0.00
sirra	0.00
sirup	1.30
sisal	2.19
sises	0.00
sissy	3.23
sista	2.20
sists	0.00
sitar	2.41
sited	2.75
sites	4.74
sithe	1.06
sitka	2.65
situp	0.00
situs	2.00
siver	1.83
sixer	2.05
sixes	2.91
sixmo	0.00
sixte	1.08
sixth	4.38
sixty	3.93
sizar	1.14
sized	4.27
sizel	0.00
sizer	1.94
sizes	4.18
skags	1.07
skail	0.00
skald	1.55
skank	2.68
skart	0.00
skate	3.74
skats	0.00
skatt	0.00
skaws	0.00
skean	0.00
skear	0.00
skeds	0.00
skeed	0.00
skeef	0.00
skeen	1.99
skeer	0.00
skees	1.24
skeet	2.70
skegg	0.00
skegs	0.00
skein	2.34
skelf	0.00
skell	1.80
skelm	0.00
skelp	1.22
skene	2.07
skens	0.00
skeos	0.00
skeps	0.00
skers	0.00
skets	0.00
skews	2.28
skids	2.72
skied	2.46
skier	3.20
skies	3.91
skiey	0.00
skiff	2.63
skill	4.42
skimo	1.05
skimp	2.52
skims	2.10
skink	2.14
skins	3.79
skint	2.42
skios	0.00
skips	3.15
skirl	1.31
skirr	0.00
skirt	3.96
skite	1.03
skits	2.88
skive	1.64
skivy	0.00
sklim	0.00
skoal	1.82
skody	0.00
skoff	0.00
skogs	0.00
skols	0.00
skool	2.34
skort	1.51
skosh	0.00
skran	0.00
skrik	0.00
skuas	1.61
skugs	0.00
skulk	1.89
skull	4.09
skunk	3.10
skyed	0.00
skyer	0.00
skyey	0.00
skyfs	0.00
skyre	0.00
skyrs	0.00
skyte	0.00
slabs	3.20
slack	3.71
slade	3.25
slaes	0.00
slags	2.40
slaid	0.00
slain	3.54
slake	2.01
slams	3.63
slane	1.91
slang	3.55
slank	1.36
slant	3.18
slaps	3.17
slart	0.00
slash	3.65
slate	3.82
slats	2.68
slaty	2.04
slave	4.31
slaws	0.00
slays	2.53
slebs	0.00
sleds	2.57
sleek	3.34
sleep	5.05
sleer	0.00
sleet	2.83
slept	4.18
slews	1.12
sleys	0.00
slice	4.00
slick	3.71
slide	4.30
slier	1.11
slily	0.00
slime	3.38
slims	2.21
slimy	3.08
sling	3.34
slink	2.38
slipe	0.00
slips	3.61
slipt	0.00
slish	0.00
slits	2.88
slive	1.49
sloan	3.44
slobs	2.24
sloes	1.45
slogs	1.56
sloid	0.00
slojd	0.00
slomo	1.71
sloom	0.00
sloop	2.80
sloot	2.14
slope	3.90
slops	1.86
slopy	0.00
slorm	0.00
slosh	2.10
sloth	3.10
slots	3.83
slove	0.00
slows	3.39
sloyd	1.22
slubb	0.00
slubs	0.00
slued	0.00
slues	0.00
sluff	1.02
slugs	3.05
sluit	0.00
slump	3.36
slums	3.20
slung	2.85
slunk	1.97
slurb	0.00
slurp	2.56
slurs	3.12
sluse	0.00
slush	2.99
sluts	3.19
slyer	0.00
slyly	2.46
slype	0.00
smaak	0.00
smack	3.64
smaik	0.00
small	5.51
smalm	0.00
smalt	0.00
smarm	1.35
smart	4.83
smash	4.09
smaze	0.00
smear	3.46
smeek	0.00
smees	0.00
smeik	0.00
smeke	0.00
smell	4.49
smelt	2.99
smerk	0.00
smews	0.00
smile	4.64
smirk	3.04
smirr	0.00
smirs	0.00
smite	2.93
smith	4.89
smits	2.10
smock	2.57
smogs	0.00
smoke	4.67
smoko	1.55
smoky	3.33
smolt	1.52
smoor	0.00
smoot	2.39
smore	1.42
smorg	0.00
smote	2.30
smout	1.56
smowt	0.00
smugs	0.00
smurs	0.00
smush	1.95
smuts	2.41
snabs	0.00
snack	3.90
snafu	2.54
snags	2.65
snail	3.67
snake	4.23
snaky	1.72
snaps	3.66
snare	3.25
snarf	1.62
snark	2.65
snarl	2.62
snars	0.00
snary	0.00
snash	0.00
snath	0.00
snaws	0.00
snead	2.38
sneak	3.99
sneap	0.00
snebs	0.00
sneck	0.00
sneds	0.00
sneed	2.24
sneer	2.70
snees	0.00
snell	2.89
snibs	0.00
snick	1.71
snide	2.59
snies	0.00
sniff	3.44
snift	0.00
snigs	0.00
snipe	3.04
snips	2.25
snipy	0.00
snirt	0.00
snits	0.00
snobs	2.60
snods	0.00
snoek	1.43
snoep	0.00
snogs	1.24
snoke	1.97
snood	1.80
snook	2.48
snool	0.00
snoop	3.40
snoot	1.94
snore	2.76
snort	3.01
snots	1.27
snout	3.08
snowk	0.00
snows	2.97
snowy	3.46
snubs	2.33
snuck	3.27
snuff	3.15
snugs	1.45
snush	0.00
snyes	0.00
soaks	2.58
soaps	3.19
soapy	2.75
soare	1.20
soars	2.87
soave	1.74
sobas	0.00
sober	3.94
socas	0.00
soces	0.00
socko	1.44
socks	4.03
socle	1.43
sodas	2.91
soddy	1.76
sodic	1.33
sodom	2.86
sofar	1.90
sofas	2.86
softa	0.00
softs	1.78
softy	2.21
soger	0.00
soggy	3.14
sohur	0.00
soils	3.57
soily	0.00
sojas	0.00
sojus	0.00
sokah	0.00
soken	1.40
sokes	0.00
sokol	2.17
solah	1.11
solan	1.91
solar	4.53
solas	2.30
solde	1.32
soldi	1.74
soldo	1.69
solds	0.00
soled	2.28
solei	0.00
soler	2.36
soles	3.18
solid	4.73
solon	2.66
solos	3.33
solum	1.75
solus	2.30
solve	4.42
soman	1.84
somas	1.28
sonar	3.30
sonce	1.11
sonde	1.41
sones	1.92
songs	4.84
sonic	3.93
sonly	0.00
sonne	2.32
sonny	3.64
sonse	0.00
sonsy	0.00
sooey	0.00
sooks	1.13
sooky	1.20
soole	0.00
sools	0.00
sooms	0.00
soops	0.00
soote	0.00
sooth	2.37
soots	1.08
sooty	2.51
sophs	1.26
sophy	2.06
sopor	1.32
soppy	2.30
sopra	2.02
soral	0.00
soras	1.16
sorbo	1.88
sorbs	1.24
sorda	0.00
sordo	1.61
sords	0.00
sored	1.14
soree	0.00
sorel	2.31
sorer	1.40
sores	3.03
sorex	1.49
sorgo	0.00
sorns	0.00
sorra	0.00
sorry	5.18
sorta	3.29
sorts	4.21
sorus	0.00
soths	0.00
sotol	0.00
souce	1.36
souct	0.00
sough	1.59
souks	1.92
souls	4.21
soums	0.00
sound	5.15
soups	3.10
soupy	2.28
sours	2.35
souse	1.73
south	5.40
souts	0.00
sowar	0.00
sowce	0.00
sowed	2.59
sower	2.17
sowff	0.00
sowfs	0.00
sowle	1.02
sowls	0.00
sowms	0.00
sownd	0.00
sowne	0.00
sowps	0.00
sowse	0.00
sowth	0.00
soyas	0.00
soyle	0.00
soyuz	2.90
sozin	1.35
space	5.23
spacy	1.69
spade	3.33
spado	0.00
spaed	0.00
spaer	0.00
spaes	0.00
spags	0.00
spahi	0.00
spail	0.00
spain	4.59
spait	0.00
spake	2.55
spald	0.00
spale	0.00
spall	2.21
spalt	0.00
spams	2.32
spane	0.00
spang	1.84
spank	3.08
spans	3.48
spard	0.00
spare	4.28
spark	3.99
spars	2.46
spart	1.32
spasm	2.83
spate	2.79
spats	2.45
spaul	0.00
spawl	0.00
spawn	3.38
spaws	0.00
spayd	0.00
spays	1.12
spaza	1.22
spazz	1.77
speak	5.03
speal	1.02
spean	1.62
spear	3.70
speat	0.00
speck	3.02
specs	3.54
spect	2.33
speed	5.00
speel	1.36
speer	2.68
speil	0.00
speir	1.36
speks	0.00
speld	0.00
spelk	0.00
spell	4.37
spelt	3.18
spend	4.97
spent	5.02
speos	0.00
sperm	3.84
spets	0.00
speug	0.00
spews	2.45
spewy	0.00
spial	0.00
spica	2.32
spice	3.94
spick	1.92
spics	1.46
spicy	3.80
spide	1.17
spied	3.08
spiel	2.66
spier	1.85
spies	3.70
spiff	1.85
spifs	0.00
spike	3.96
spiks	0.00
spiky	2.75
spile	1.22
spill	3.84
spilt	2.91
spims	0.00
spina	2.67
spine	3.93
spink	2.26
spins	3.51
spiny	2.64
spire	3.11
spirt	1.84
spiry	0.00
spite	4.04
spits	3.08
spitz	2.54
spivs	1.33
splat	2.70
splay	2.09
split	4.65
splog	0.00
spode	1.98
spods	0.00
spoil	3.81
spoke	4.61
spoof	3.10
spook	2.88
spool	2.84
spoom	0.00
spoon	3.88
spoor	2.10
spoot	0.00
spore	3.00
spork	2.13
sport	4.73
sposh	0.00
spots	4.33
spout	3.11
sprad	0.00
sprag	1.15
sprat	1.98
spray	4.18
spred	1.45
spree	3.56
sprew	0.00
sprig	2.43
sprit	2.03
sprod	0.00
sprog	1.71
sprue	2.05
sprug	0.00
spuds	2.47
spued	0.00
spuer	0.00
spues	0.00
spugs	0.00
spule	0.00
spume	1.43
spumy	0.00
spunk	2.66
spurn	2.36
spurs	4.00
spurt	2.84
sputa	0.00
spyal	0.00
spyre	0.00
squab	1.97
squad	4.67
squat	3.48
squaw	2.68
squeg	0.00
squib	2.29
squid	3.44
squit	0.00
squiz	1.23
stabs	3.05
stack	4.05
stade	2.71
staff	5.08
stage	5.10
stags	2.57
stagy	1.35
staid	2.58
staig	0.00
stain	3.70
stair	3.26
stake	4.15
stale	3.43
stalk	3.46
stall	3.79
stamp	4.11
stand	5.14
stane	1.92
stang	2.33
stank	2.76
staph	2.57
staps	0.00
stare	3.91
stark	4.01
starn	1.31
starr	3.41
stars	4.86
start	5.56
stash	3.54
state	5.78
stats	4.33
staun	0.00
stave	3.04
staws	0.00
stays	4.26
stead	3.19
steak	3.97
steal	4.41
steam	4.52
stean	0.00
stear	1.33
stedd	0.00
stede	1.43
steds	0.00
steed	2.95
steek	1.28
steel	4.71
steem	1.71
steen	2.74
steep	3.99
steer	3.72
steil	1.48
stein	3.65
stela	2.11
stele	2.34
stell	2.08
steme	0.00
stems	3.83
stend	0.00
steno	2.14
stens	1.39
stent	2.82
steps	4.73
stept	1.36
stere	1.20
stern	3.90
stets	1.43
stews	2.65
stewy	1.26
steys	0.00
stich	2.06
stick	4.76
stied	0.00
sties	1.51
stiff	3.90
stilb	0.00
stile	2.39
still	5.92
stilt	2.37
stime	0.00
stims	1.56
stimy	0.00
sting	3.80
stink	3.46
stint	3.61
stipa	1.64
stipe	2.73
stire	0.00
stirk	1.64
stirp	0.00
stirs	2.99
stive	1.13
stivy	0.00
stoae	0.00
stoai	0.00
stoas	0.00
stoat	2.04
stobs	0.00
stock	4.93
stoep	1.22
stogy	0.00
stoic	3.15
stoit	0.00
stoke	3.73
stole	4.21
stoln	0.00
stoma	2.21
stomp	3.25
stond	0.00
stone	4.80
stong	1.92
stonk	1.17
stonn	0.00
stony	3.30
stood	4.57
stook	1.35
stool	3.52
stoop	3.14
stoor	0.00
stope	1.46
stops	4.40
stopt	1.45
store	5.02
stork	2.88
storm	4.66
story	5.45
stoss	1.45
stots	0.00
stott	2.55
stoun	0.00
stoup	1.57
stour	2.20
stout	3.45
stove	3.71
stown	0.00
stowp	0.00
stows	1.68
strad	1.76
strae	0.00
strag	0.00
strak	0.00
strap	3.79
straw	3.99
stray	3.74
strep	2.73
strew	1.63
stria	1.64
strig	0.00
strim	1.13
strip	4.36
strop	2.22
strow	1.08
stroy	1.50
strum	2.48
strut	3.16
stubs	2.83
stuck	4.68
stude	1.53
studs	3.34
study	5.26
stuff	5.14
stull	1.89
stulm	0.00
stumm	1.62
stump	3.45
stums	0.00
stung	3.28
stunk	2.39
stuns	2.89
stunt	3.86
stupa	2.30
stupe	1.11
sture	1.70
sturt	2.64
styed	0.00
styes	1.35
style	5.11
styli	1.55
stylo	1.96
styme	0.00
stymy	0.00
styre	0.00
styte	0.00
suave	2.90
subah	1.63
subas	0.00
subby	1.55
suber	1.62
subha	1.75
succi	1.01
sucks	4.38
sucky	2.61
sucre	2.45
sudds	0.00
sudor	0.00
sudsy	1.67
suede	3.25
suent	0.00
suers	0.00
suete	0.00
suets	0.00
suety	0.00
sugan	1.05
sugar	4.68
sughs	0.00
sugos	0.00
suhur	0.00
suids	0.00
suing	3.50
suint	0.00
suite	4.18
suits	4.25
sujee	0.00
sukhs	0.00
sukuk	2.06
sulci	1.76
sulfa	1.93
sulfo	1.15
sulks	1.98
sulky	2.33
sully	3.11
sulph	0.00
sulus	0.00
sumac	2.34
sumis	0.00
summa	2.82
sumos	1.34
sumph	0.00
sumps	1.61
sunis	0.00
sunks	0.00
sunna	2.09
sunns	0.00
sunny	4.07
sunup	1.78
super	5.08
supes	2.02
supra	3.08
surah	2.54
sural	1.39
suras	1.70
surat	2.86
surds	1.02
sured	1.03
surer	2.18
sures	1.51
surfs	2.22
surfy	1.15
surge	3.82
surgy	0.00
surly	2.85
surra	1.35
sused	0.00
suses	0.00
sushi	3.68
susus	0.00
sutor	1.41
sutra	2.91
sutta	2.23
swabs	2.64
swack	0.00
swads	0.00
swage	1.57
swags	1.98
swail	1.32
swain	3.00
swale	2.16
swaly	0.00
swami	3.04
swamp	3.84
swamy	2.61
swang	1.67
swank	2.66
swans	3.33
swaps	3.15
swapt	0.00
sward	1.93
sware	1.83
swarf	1.53
swarm	3.44
swart	2.16
swash	2.21
swath	2.83
swats	2.02
swayl	0.00
sways	2.43
sweal	0.00
swear	4.51
sweat	4.14
swede	3.05
sweed	1.32
sweel	0.00
sweep	3.97
sweer	0.00
swees	0.00
sweet	4.91
sweir	0.00
swell	3.64
swelt	0.00
swept	3.94
swerf	0.00
sweys	0.00
swies	0.00
swift	4.15
swigs	1.72
swile	0.00
swill	2.32
swims	3.01
swine	3.46
swing	4.34
swink	1.64
swipe	3.58
swire	2.27
swirl	3.16
swish	2.89
swiss	4.21
swith	1.36
swits	0.00
swive	0.00
swizz	2.27
swobs	0.00
swole	2.37
swoln	0.00
swoon	2.88
swoop	3.20
swops	0.00
swopt	0.00
sword	4.37
swore	3.53
sworn	3.90
swots	1.22
swoun	0.00
swung	3.47
sybbe	0.00
sybil	2.91
syboe	0.00
sybow	0.00
sycee	0.00
syces	0.00
sycon	0.00
syens	0.00
syker	0.00
sykes	3.29
sylis	0.00
sylph	1.98
sylva	2.08
symar	0.00
synch	2.53
syncs	2.44
synds	0.00
syned	0.00
synes	0.00
synod	3.32
synth	3.35
syped	0.00
sypes	0.00
syphs	0.00
syrah	2.44
syren	1.78
syrup	3.76
sysop	1.46
sythe	1.04
syver	0.00
taals	0.00
taata	0.00
tabby	2.79
taber	2.40
tabes	1.68
tabid	1.15
tabis	0.00
tabla	2.17
table	5.05
taboo	3.47
tabor	2.78
tabun	1.50
tabus	1.16
tacan	1.45
taces	0.00
tacet	1.12
tache	2.03
tacho	1.57
tachs	0.00
tacit	2.94
tacks	2.66
tacky	3.18
tacos	3.43
tacts	1.09
taels	2.19
taffy	2.71
tafia	0.00
taggy	0.00
tagma	0.00
tahas	0.00
tahrs	0.00
taiga	2.62
taigs	0.00
taiko	2.23
tails	3.68
tains	1.01
taint	2.98
taira	1.91
taish	0.00
taits	0.00
tajes	0.00
takas	1.25
taken	5.33
taker	3.23
takes	5.18
takhi	0.00
takin	3.21
takis	2.12
takky	0.00
talak	1.38
talaq	1.99
talar	1.56
talas	1.72
talcs	0.00
talcy	0.00
talea	1.02
taler	1.51
tales	4.10
talks	4.61
talky	2.05
talls	1.49
tally	3.62
talma	1.64
talon	2.97
talpa	1.58
taluk	2.26
talus	2.38
tamal	1.63
tamed	3.01
tamer	2.74
tames	2.07
tamin	1.34
tamis	1.21
tammy	3.35
tamps	1.32
tanas	1.20
tanga	2.27
tangi	1.87
tango	3.58
tangs	1.93
tangy	2.64
tanhs	0.00
tanka	2.18
tanks	4.27
tanky	1.51
tanna	2.20
tansy	2.17
tanti	1.75
tanto	2.60
tanty	1.16
tapas	2.86
taped	3.50
tapen	0.00
taper	3.30
tapes	3.82
tapet	0.00
tapir	2.29
tapis	1.61
tappa	1.45
tapus	0.00
taras	2.33
tardo	1.03
tardy	2.69
tared	0.00
tares	1.90
targa	2.15
targe	1.78
tarns	1.69
taroc	0.00
tarok	1.29
taros	1.05
tarot	3.12
tarps	2.36
tarre	0.00
tarry	2.43
tarsi	1.85
tarts	2.98
tarty	1.45
tasar	0.00
tased	2.23
taser	3.15
tases	1.16
tasks	4.23
tassa	1.01
tasse	1.46
tasso	2.22
taste	4.73
tasty	3.84
tatar	2.79
tater	2.60
tates	1.99
taths	0.00
tatie	0.00
tatou	1.19
tatts	2.41
tatty	2.19
tatus	0.00
taube	1.77
tauld	0.00
taunt	2.96
tauon	0.00
taupe	2.54
tauts	0.00
tavah	0.00
tavas	1.21
taver	0.00
tawai	0.00
tawas	1.65
tawed	0.00
tawer	0.00
tawie	0.00
tawny	2.77
tawse	1.29
tawts	0.00
taxed	3.52
taxer	0.00
taxes	4.65
taxis	3.44
taxol	1.82
taxon	2.50
taxor	0.00
taxus	1.70
tayra	0.00
tazza	1.57
tazze	0.00
teach	4.67
teade	0.00
teads	0.00
teaed	0.00
teaks	0.00
teals	1.61
teams	4.97
tears	4.47
teary	2.84
tease	3.59
teats	2.27
teaze	0.00
techs	2.92
techy	2.20
tecta	1.16
teddy	3.88
teels	0.00
teems	2.00
teend	0.00
teene	0.00
teens	4.16
teeny	3.05
teers	1.28
teeth	4.58
teffs	0.00
teggs	0.00
tegua	0.00
tegus	1.16
tehrs	0.00
teiid	0.00
teils	0.00
teind	0.00
teins	0.00
telae	0.00
telco	2.59
teles	1.91
telex	2.34
telia	1.71
telic	1.61
tells	4.78
telly	3.20
teloi	0.00
telos	2.32
temed	0.00
temes	1.01
tempi	1.91
tempo	3.74
temps	3.33
tempt	3.22
temse	0.00
tench	2.23
tends	4.12
tendu	1.59
tenes	1.22
tenet	3.00
tenge	1.86
tenia	1.47
tenne	1.39
tenno	1.91
tenny	1.73
tenon	2.19
tenor	3.40
tense	3.95
tenth	3.92
tents	3.60
tenty	0.00
tenue	1.52
tepal	0.00
tepas	0.00
tepee	2.03
tepid	2.71
tepoy	0.00
terai	2.00
teras	1.58
terce	1.23
terek	1.81
teres	1.99
terfe	0.00
terfs	1.81
terga	1.01
terms	5.10
terne	1.10
terns	2.51
terra	3.44
terry	4.24
terse	2.67
terts	0.00
tesla	3.77
testa	2.50
teste	1.86
tests	4.67
testy	2.54
tetes	1.04
teths	0.00
tetra	2.72
tetri	0.00
teuch	0.00
teugh	0.00
tewed	0.00
tewel	0.00
tewit	0.00
texas	4.89
texes	0.00
texts	4.34
thack	1.28
thagi	0.00
thaim	0.00
thale	1.39
thali	1.91
thana	2.21
thane	2.88
thang	2.82
thank	5.48
thans	1.29
thanx	2.41
tharm	0.00
thars	0.00
thaws	2.19
thawy	0.00
thebe	1.69
theca	1.46
theed	1.47
theek	1.01
thees	1.47
theft	4.13
thegn	1.21
theic	0.00
thein	2.35
their	6.33
thelf	0.00
thema	2.02
theme	4.62
thens	1.22
theow	0.00
there	6.31
therm	2.00
these	6.04
thesp	0.00
theta	3.16
thete	1.55
thews	0.00
thewy	0.00
thick	4.46
thief	3.88
thigh	3.73
thigs	1.35
thilk	0.00
thill	1.64
thine	3.31
thing	5.72
think	6.08
thins	2.57
thiol	2.10
third	5.32
thirl	0.00
thoft	0.00
thole	1.96
tholi	0.00
thong	3.16
thorn	3.48
thoro	1.20
thorp	2.53
those	5.90
thous	1.84
thowl	0.00
thrae	0.00
thraw	0.00
three	5.78
threw	4.46
thrid	1.62
thrip	1.03
throb	2.68
throe	1.24
throw	4.83
thrum	1.97
thuds	1.99
thugs	3.56
thuja	1.74
thumb	4.01
thump	2.97
thunk	2.60
thurl	1.47
thuya	0.00
thyme	3.07
thymi	0.00
thymy	0.00
tians	0.00
tiara	2.98
tiars	0.00
tibia	2.90
tical	1.44
ticca	0.00
ticed	0.00
tices	0.00
tichy	1.71
ticks	3.38
ticky	2.08
tidal	3.70
tiddy	2.06
tided	1.21
tides	3.47
tiers	3.25
tiffs	1.88
tifos	0.00
tifts	0.00
tiger	4.30
tiges	1.27
tight	4.57
tigon	0.00
tikas	0.00
tikes	1.81
tikis	1.30
tikka	2.53
tilak	2.33
tilde	2.19
tiled	3.00
tiler	1.91
tiles	3.71
tills	2.46
tilly	2.94
tilth	1.54
tilts	2.79
timbo	1.94
timed	3.62
timer	3.68
times	5.56
timid	3.25
timon	2.68
timps	1.03
tinas	1.01
tinct	1.11
tinds	0.00
tinea	2.20
tined	1.18
tines	2.33
tinge	2.83
tings	2.28
tinks	1.40
tinny	2.38
tints	2.60
tinty	0.00
tipis	1.75
tippy	2.49
tipsy	2.87
tired	4.71
tires	4.03
tirls	0.00
tiros	1.69
tirrs	0.00
titan	3.69
titch	1.78
titer	2.00
tithe	2.88
titis	1.38
title	5.10
titre	1.90
titty	3.01
titup	0.00
tiyin	0.00
tiyns	0.00
tizes	0.00
tizzy	2.27
toads	2.90
toady	2.14
toast	3.96
toaze	0.00
tocks	1.54
tocky	0.00
tocos	0.00
today	5.55
todde	0.00
toddy	2.55
toeas	0.00
toffs	1.91
toffy	0.00
tofts	1.34
tofus	0.00
togae	0.00
togas	1.84
toged	0.00
toges	0.00
togue	0.00
tohos	0.00
toile	1.86
toils	2.16
toing	1.31
toise	0.00
toits	1.17
tokay	1.89
toked	1.20
token	3.82
toker	1.72
tokes	1.75
tokos	0.00
tolan	1.80
tolar	1.56
tolas	1.07
toled	0.00
toles	1.76
tolls	3.30
tolly	1.95
tolts	0.00
tolus	0.00
tolyl	0.00
toman	1.86
tombs	3.34
tomes	2.61
tomia	0.00
tommy	4.16
tomos	1.87
tonal	3.09
tondi	0.00
tondo	1.95
toned	3.48
toner	3.07
tones	3.76
toney	2.29
tonga	3.10
tongs	2.80
tonic	3.39
tonka	2.35
tonks	2.38
tonne	3.21
tonus	1.52
tools	4.59
tooms	1.56
toons	2.52
tooth	4.08
toots	2.61
topaz	2.87
toped	0.00
topee	0.00
topek	0.00
toper	1.14
topes	1.55
tophe	0.00
tophi	1.12
tophs	0.00
topic	4.49
topis	0.00
topoi	1.40
topos	2.07
toppy	1.76
toque	2.13
torah	3.41
toran	1.65
toras	1.09
torch	3.74
torcs	0.00
tores	1.06
toric	1.94
torii	2.21
toros	2.28
torot	0.00
torrs	0.00
torse	1.07
torsi	0.00
torsk	0.00
torso	3.41
torta	2.04
torte	2.11
torts	2.66
torus	2.57
tosas	0.00
tosed	0.00
toses	0.00
toshy	0.00
tossy	0.00
total	5.21
toted	1.75
totem	3.09
toter	1.12
totes	2.94
totty	1.97
touch	4.91
tough	4.77
touks	0.00
touns	0.00
tours	4.14
touse	1.23
tousy	0.00
touts	2.70
touze	0.00
touzy	0.00
towed	3.38
towel	3.94
tower	4.50
towie	2.21
towns	4.39
towny	1.37
towse	1.17
towsy	0.00
towts	0.00
towze	0.00
towzy	0.00
toxic	4.24
toxin	3.30
toyed	2.68
toyer	0.00
toyon	1.24
toyos	0.00
tozed	0.00
tozes	0.00
tozie	0.00
trabs	0.00
trace	4.19
track	5.02
tract	3.71
trade	5.12
trads	1.39
tragi	1.73
traik	0.00
trail	4.45
train	4.96
trait	3.69
tramp	3.21
trams	3.05
trank	1.77
tranq	1.98
trans	4.41
trant	2.05
trape	0.00
traps	3.76
trapt	1.36
trash	4.42
trass	0.00
trats	0.00
tratt	0.00
trave	1.80
trawl	2.65
trayf	0.00
trays	3.24
tread	3.52
treat	4.75
treck	1.40
treed	1.92
treen	1.77
trees	4.69
trefa	0.00
treif	0.00
treks	2.53
trema	1.17
trems	0.00
trend	4.51
tress	2.35
trest	0.00
trets	0.00
trews	1.82
treyf	0.00
treys	1.72
triac	1.48
triad	3.23
trial	4.87
tribe	4.12
trice	2.40
trick	4.48
tride	0.00
tried	5.16
trier	2.85
tries	4.53
triff	0.00
trigo	1.72
trigs	1.04
trike	2.42
trild	0.00
trill	2.73
trims	2.77
trine	2.46
trins	0.00
triol	1.13
trior	0.00
trios	2.54
tripe	2.71
trips	4.23
tripy	0.00
trist	2.03
trite	2.80
troad	1.34
troak	0.00
troat	0.00
trock	0.00
trode	0.00
trods	0.00
trogs	1.22
trois	2.81
troke	0.00
troll	3.73
tromp	2.06
trona	1.77
tronc	1.52
trone	1.45
tronk	0.00
trons	1.39
troop	3.69
trooz	0.00
trope	3.10
troth	2.14
trots	2.42
trout	3.78
trove	3.04
trows	1.27
troys	1.24
truce	3.52
truck	4.64
trued	1.55
truer	2.97
trues	1.43
trugo	0.00
trugs	0.00
trull	1.77
truly	4.87
trump	4.93
trunk	4.03
truss	3.29
trust	5.13
truth	5.05
tryer	0.00
tryke	0.00
tryma	0.00
tryps	0.00
tryst	2.56
tsade	0.00
tsadi	0.00
tsars	2.22
tsked	0.00
tsuba	1.51
tsubo	1.24
tuans	0.00
tuart	1.17
tuath	1.05
tubae	0.00
tubal	2.56
tubar	0.00
tubas	1.84
tubby	2.66
tubed	2.01
tuber	2.64
tubes	3.94
tucks	2.63
tufas	0.00
tuffe	0.00
tuffs	1.80
tufts	3.10
tufty	1.58
tugra	0.00
tuile	1.37
tuina	0.00
tuism	0.00
tuktu	0.00
tules	1.11
tulip	3.18
tulle	2.62
tulpa	1.53
tulsi	2.65
tumid	1.30
tummy	3.43
tumor	3.97
tumps	0.00
tumpy	0.00
tunas	2.06
tunds	0.00
tuned	3.87
tuner	2.91
tunes	3.82
tungs	0.00
tunic	3.08
tunny	1.86
tupek	0.00
tupik	0.00
tuple	2.44
tuque	1.46
turbo	3.74
turds	2.55
turfs	1.70
turfy	0.00
turks	3.66
turme	0.00
turms	0.00
turns	4.76
turnt	1.99
turps	1.67
turrs	0.00
tushy	1.78
tusks	2.80
tusky	1.06
tutee	1.06
tutor	3.67
tutti	2.66
tutty	1.34
tutus	2.11
tuxes	1.88
tuyer	0.00
twaes	0.00
twain	3.39
twals	0.00
twang	2.56
twank	0.00
twats	2.62
tways	0.00
tweak	3.27
tweed	3.25
tweel	1.28
tween	2.84
tweep	1.89
tweer	0.00
tweet	4.17
twerk	2.54
twerp	2.11
twice	4.84
twier	0.00
twigs	3.12
twill	2.66
twilt	0.00
twine	2.93
twink	2.93
twins	4.15
twiny	0.00
twire	0.00
twirl	2.69
twirp	1.14
twist	4.22
twite	1.35
twits	2.27
twixt	2.08
twoer	0.00
twyer	0.00
tyees	0.00
tyers	1.88
tying	3.68
tyiyn	0.00
tykes	2.01
tyler	4.17
tymps	0.00
tynde	0.00
tyned	0.00
tynes	1.80
typal	0.00
typed	3.52
types	4.85
typey	0.00
typic	1.46
typos	3.01
typps	0.00
typto	0.00
tyran	1.50
tyred	1.62
tyres	3.52
tyros	1.59
tythe	0.00
tzars	0.00
udals	0.00
udder	2.29
udons	0.00
ugali	1.43
ugged	0.00
uhlan	1.29
uhuru	2.63
ukase	1.40
ulama	2.25
ulans	0.00
ulcer	3.03
ulema	2.15
ulmin	0.00
ulnad	0.00
ulnae	0.00
ulnar	2.39
ulnas	0.00
ulpan	1.10
ultra	4.23
ulvas	0.00
ulyie	0.00
ulzie	0.00
umami	2.38
umbel	1.72
umber	2.39
umble	1.25
umbos	0.00
umbra	2.39
umbre	0.00
umiac	0.00
umiak	1.25
umiaq	0.00
ummah	2.49
ummas	0.00
ummed	0.00
umped	0.00
umphs	0.00
umpie	0.00
umpty	0.00
umrah	2.09
umras	0.00
unais	0.00
unapt	0.00
unarm	0.00
unary	1.93
unaus	0.00
unbag	0.00
unban	1.84
unbar	1.06
unbed	0.00
unbid	0.00
unbox	2.01
uncap	1.37
unces	0.00
uncia	1.13
uncle	4.45
uncos	0.00
uncoy	0.00
uncus	1.21
uncut	3.25
undam	0.00
undee	0.00
under	5.73
undid	2.53
undos	0.00
undue	3.29
undug	0.00
uneth	0.00
unfed	1.63
unfit	3.52
unfix	1.12
ungag	0.00
unget	0.00
ungod	0.00
ungot	0.00
ungum	0.00
unhat	0.00
unhip	1.32
unica	1.82
unify	3.07
union	5.08
unite	3.90
units	4.77
unity	4.22
unjam	1.11
unked	0.00
unket	0.00
unkid	0.00
unlaw	0.00
unlay	0.00
unled	0.00
unlet	0.00
unlid	0.00
unlit	2.44
unman	1.11
unmet	2.73
unmew	0.00
unmix	0.00
unpay	0.00
unpeg	0.00
unpen	0.00
unpin	1.44
unred	0.00
unrid	0.00
unrig	0.00
unrip	0.00
unsaw	0.00
unsay	1.51
unsee	2.61
unset	1.82
unsew	0.00
unsex	1.23
unsod	0.00
untax	0.00
untie	2.51
until	5.61
untin	0.00
unwed	2.52
unwet	0.00
unwit	0.00
unwon	0.00
unzip	2.55
upbow	0.00
upbye	0.00
updos	1.32
updry	0.00
upend	2.26
upjet	0.00
uplay	1.91
upled	0.00
uplit	0.00
upped	3.07
upper	4.72
upran	0.00
uprun	0.00
upsee	1.15
upset	4.61
upsey	0.00
uptak	0.00
upter	0.00
uptie	0.00
uraei	0.00
urali	0.00
uraos	0.00
urare	0.00
urari	0.00
urase	0.00
urate	1.80
urban	4.65
urbex	1.60
urbia	0.00
urdee	0.00
ureal	0.00
ureas	1.34
uredo	0.00
ureic	0.00
urena	1.75
urent	0.00
urged	4.01
urger	0.00
urges	3.69
urial	0.00
urine	3.84
urite	0.00
urman	1.15
urnal	0.00
urned	0.00
urped	0.00
ursae	1.22
ursid	0.00
urson	0.00
urubu	0.00
urvas	0.00
usage	4.23
users	4.80
usher	3.51
using	5.47
usnea	1.24
usque	1.58
usual	4.62
usure	0.00
usurp	2.70
usury	2.54
uteri	1.73
utile	1.66
utter	3.85
uveal	1.68
uveas	0.00
uvula	1.98
vacua	1.31
vaded	0.00
vades	0.00
vagal	2.11
vague	3.87
vagus	2.39
vails	1.23
vaire	0.00
vairs	0.00
vairy	0.00
vakas	0.00
vakil	1.85
vales	2.06
valet	3.17
valid	4.38
valis	1.58
valor	3.23
valse	1.87
value	5.15
valve	4.13
vamps	2.59
vampy	1.84
vanda	2.30
vaned	0.00
vanes	2.30
vangs	0.00
vants	0.00
vaped	1.56
vaper	1.64
vapes	2.21
vapid	2.50
vapor	3.56
varan	1.60
varas	1.80
vardy	2.69
varec	0.00
vares	1.30
varia	2.23
varix	1.50
varna	2.78
varus	2.41
varve	1.05
vasal	1.09
vases	3.11
vasts	0.00
vasty	1.23
vatic	1.18
vatus	0.00
vauch	0.00
vault	3.90
vaunt	1.39
vaute	0.00
vauts	0.00
vawte	0.00
vaxes	0.00
veale	1.79
veals	0.00
vealy	0.00
veena	2.20
veeps	0.00
veers	2.54
veery	1.47
vegan	3.95
vegas	4.42
veges	1.56
vegie	1.38
vegos	0.00
vehme	0.00
veils	2.85
veily	0.00
veins	3.76
veiny	2.08
velar	2.30
velds	0.00
veldt	1.91
veles	1.61
vells	1.03
velum	1.66
venae	0.00
venal	2.34
vends	1.29
vendu	0.00
veney	0.00
venge	1.62
venin	0.00
venom	3.57
vents	3.32
venue	4.25
venus	3.81
verbs	3.44
verge	3.67
verra	1.64
verry	2.09
verse	4.18
verso	2.72
verst	1.31
verts	1.96
vertu	2.02
verve	2.85
vespa	2.59
vesta	2.59
vests	3.19
vetch	2.18
vexed	2.81
vexer	0.00
vexes	1.81
vexil	0.00
vezir	0.00
vials	3.00
viand	0.00
vibes	3.55
vibex	0.00
vibey	1.38
vicar	3.37
viced	0.00
vices	3.01
vichy	2.74
video	5.43
viers	1.04
views	4.83
viewy	0.00
vifda	0.00
viffs	0.00
vigas	0.00
vigia	1.03
vigil	3.24
vigor	3.03
vilde	1.68
viler	1.28
villa	4.20
villi	2.03
vills	1.37
vimen	0.00
vinal	1.30
vinas	1.19
vinca	1.92
vined	0.00
viner	2.26
vines	3.57
vinew	0.00
vinic	0.00
vinos	1.38
vints	0.00
vinyl	4.00
viola	3.54
viold	0.00
viols	1.66
viper	3.31
viral	4.08
vired	0.00
vireo	1.99
vires	2.02
virga	1.54
virge	1.63
virid	0.00
virls	0.00
virtu	1.93
virus	4.42
visas	3.47
vised	0.00
vises	1.53
visie	0.00
visit	5.04
visne	0.00
vison	1.72
visor	2.98
vista	3.71
visto	1.95
vitae	2.80
vital	4.38
vitas	1.94
vitex	1.69
vitro	3.42
vitta	1.43
vivas	1.75
vivat	1.65
vivda	0.00
viver	1.21
vives	2.17
vivid	3.75
vixen	2.94
vizir	1.20
vizor	1.16
vleis	0.00
vlies	0.00
vlogs	2.55
voars	0.00
vocab	2.58
vocal	4.16
voces	1.96
voddy	0.00
vodka	3.83
vodou	1.84
vodun	1.36
voema	0.00
vogie	0.00
vogue	3.71
voice	5.07
voids	2.81
voila	2.93
voile	2.00
voips	0.00
volae	0.00
volar	1.78
voled	0.00
voles	2.45
volet	0.00
volks	1.84
volta	2.98
volte	2.46
volti	1.01
volts	3.20
volva	1.24
volve	1.04
vomer	1.45
vomit	3.53
voted	4.62
voter	4.11
votes	4.64
vouch	3.13
vouge	0.00
voulu	0.00
vowed	3.39
vowel	3.33
vower	0.00
voxel	2.33
vozhd	0.00
vraic	0.00
vrils	0.00
vroom	2.72
vrous	0.00
vrouw	1.40
vrows	0.00
vuggs	0.00
vuggy	0.00
vughs	0.00
vughy	0.00
vulgo	1.19
vulns	1.04
vulva	2.74
vutty	0.00
vying	2.92
waacs	0.00
wacke	0.00
wacko	2.38
wacks	1.39
wacky	3.29
wadds	0.00
waddy	1.92
waded	2.58
wader	1.82
wades	2.19
wadge	1.05
wadis	1.62
wadts	0.00
wafer	3.13
waffs	0.00
wafts	2.07
waged	3.20
wager	3.43
wages	4.25
wagga	2.69
wagon	3.90
wagyu	2.26
wahoo	2.57
waide	1.21
waifs	1.97
waift	0.00
wails	2.45
wains	1.31
wairs	0.00
waist	3.96
waite	2.97
waits	3.68
waive	3.24
wakas	1.16
waked	2.09
waken	2.29
waker	2.20
wakes	3.68
wakfs	0.00
waldo	3.28
walds	0.00
waled	0.00
waler	1.13
wales	4.60
walie	0.00
walis	1.40
walks	4.32
walla	2.92
walls	4.62
wally	3.45
walty	0.00
waltz	3.38
wamed	0.00
wames	0.00
wamus	0.00
wands	2.76
waned	2.87
wanes	2.34
waney	0.00
wangs	1.82
wanks	1.87
wanky	1.77
wanle	0.00
wanly	1.43
wanna	5.04
wants	5.24
wanty	1.18
wanze	0.00
waqfs	0.00
warbs	0.00
warby	2.04
wards	3.64
wared	0.00
wares	3.18
warez	1.88
warks	1.41
warms	3.19
warns	3.73
warps	2.44
warre	1.79
warst	0.00
warts	3.01
warty	2.08
wases	0.00
washy	2.61
wasms	0.00
wasps	3.30
waspy	1.57
waste	4.81
wasts	0.00
watap	0.00
watch	5.34
water	5.52
watts	3.79
wauff	0.00
waugh	2.94
wauks	0.00
waulk	0.00
wauls	0.00
waurs	0.00
waved	3.54
waver	2.75
waves	4.37
wavey	1.88
wawas	0.00
wawes	0.00
wawls	0.00
waxed	3.08
waxen	1.69
waxer	1.51
waxes	2.65
wayed	0.00
wazir	2.28
wazoo	2.12
weald	2.30
weals	0.00
weamb	0.00
weans	1.73
wears	4.08
weary	3.61
weave	3.53
webby	2.38
weber	3.60
wecht	1.53
wedel	1.82
wedge	3.62
wedgy	1.15
weeds	3.52
weedy	2.37
weeke	1.58
weeks	5.19
weels	0.00
weems	2.34
weens	0.00
weeny	2.13
weeps	2.78
weepy	2.34
weest	0.00
weete	0.00
weets	0.00
wefte	0.00
wefts	1.60
weids	0.00
weigh	3.99
weils	0.00
weird	4.81
weirs	2.32
weise	2.36
weize	0.00
wekas	0.00
welch	3.37
welds	2.64
welke	1.51
welks	0.00
welkt	0.00
wells	4.25
welly	2.21
welsh	4.15
welts	2.27
wembs	0.00
wench	2.67
wends	1.86
wenge	1.53
wenny	0.00
wents	0.00
weros	0.00
wersh	0.00
wests	2.71
wetas	0.00
wetly	1.41
wexed	0.00
wexes	0.00
whack	3.43
whale	3.98
whamo	0.00
whams	0.00
whang	1.83
whaps	0.00
whare	2.02
wharf	3.48
whata	1.91
whats	3.88
whaup	0.00
whaur	0.00
wheal	2.12
whear	0.00
wheat	4.01
wheel	4.50
wheen	1.53
wheep	0.00
wheft	0.00
whelk	1.90
whelm	1.30
whelp	2.49
whens	1.93
where	6.00
whets	1.69
whews	0.00
wheys	0.00
which	6.30
whids	0.00
whiff	3.22
whift	0.00
whigs	2.80
while	5.86
whilk	0.00
whims	2.94
whine	3.28
whins	1.15
whiny	2.89
whios	0.00
whips	3.19
whipt	0.00
whirl	2.96
whirr	2.01
whirs	1.37
whish	2.02
whisk	3.11
whiss	0.00
whist	2.40
white	5.51
whits	1.18
whity	1.23
whizz	2.49
whole	5.46
whomp	1.87
whoof	1.13
whoop	3.20
whoot	1.45
whops	0.00
whore	3.86
whorl	2.56
whort	0.00
whose	5.07
whoso	2.00
whows	0.00
whump	1.35
whups	0.00
whyda	0.00
wicca	2.60
wicks	2.82
wicky	1.56
widdy	0.00
widen	3.25
wider	4.24
wides	1.98
widow	4.08
width	4.02
wield	3.21
wiels	0.00
wifed	1.22
wifes	2.51
wifey	2.52
wifie	0.00
wifty	0.00
wigan	3.42
wigga	1.16
wiggy	1.92
wight	3.23
wikis	2.38
wilco	2.52
wilds	2.90
wiled	0.00
wiles	2.71
wilga	1.01
wilis	1.13
wilja	0.00
wills	3.61
willy	3.61
wilts	2.35
wimps	2.39
wimpy	2.76
wince	2.61
winch	3.04
winds	4.22
windy	3.57
wined	2.05
wines	3.80
winey	1.47
winge	1.58
wings	4.44
wingy	1.36
winks	2.80
winna	1.43
winns	1.04
winos	1.57
winze	0.00
wiped	3.86
wiper	2.81
wipes	3.40
wired	3.80
wirer	0.00
wires	3.85
wirra	0.00
wised	2.01
wiser	3.48
wises	1.43
wisha	0.00
wisht	0.00
wisps	2.44
wispy	2.42
wists	0.00
witan	1.66
witch	4.11
wited	0.00
wites	0.00
withe	2.11
withs	1.31
withy	1.81
witty	3.56
wived	0.00
wiver	0.00
wives	4.08
wizen	0.00
wizes	0.00
woads	0.00
woald	0.00
wocks	0.00
wodge	1.24
woful	0.00
wojus	0.00
woken	3.37
woker	0.00
wokka	0.00
wolds	1.94
wolfs	2.14
wolly	1.54
wolve	1.06
woman	5.35
wombs	2.27
womby	0.00
women	5.57
womyn	1.73
wonga	2.09
wongi	0.00
wonks	1.96
wonky	2.84
wonts	0.00
woods	4.45
woody	3.82
wooed	2.52
wooer	1.18
woofs	1.48
woofy	1.28
woold	0.00
wools	2.01
wooly	2.49
woons	0.00
woops	2.40
woopy	0.00
woose	0.00
woosh	1.86
wootz	1.25
woozy	2.40
words	5.25
wordy	2.56
works	5.29
world	5.89
worms	3.78
wormy	2.03
worry	4.84
worse	4.89
worst	4.93
worth	5.16
worts	1.58
would	6.27
wound	4.24
woven	3.56
wowed	2.62
wowee	1.89
woxen	0.00
wrack	2.21
wrang	1.17
wraps	3.57
wrapt	1.15
wrast	0.00
wrate	0.00
wrath	3.70
wrawl	0.00
wreak	2.94
wreck	3.96
wrens	2.22
wrest	2.63
wrick	0.00
wried	0.00
wrier	0.00
wries	0.00
wring	2.75
wrist	4.01
write	5.03
writs	2.55
wroke	0.00
wrong	5.39
wroot	0.00
wrote	5.04
wroth	2.10
wrung	2.36
wryer	0.00
wryly	2.41
wuddy	0.00
wudus	0.00
wulls	0.00
wurst	2.21
wuses	0.00
wushu	2.20
wussy	1.92
wuxia	1.76
wyled	0.00
wyles	1.51
wynds	0.00
wynns	1.44
wyted	0.00
wytes	0.00
xebec	1.16
xenia	2.47
xenic	0.00
xenon	2.90
xeric	1.65
xerox	3.01
xerus	0.00
xoana	0.00
xrays	1.93
xylan	1.45
xylem	2.21
xylic	0.00
xylol	0.00
xylyl	0.00
xysti	0.00
xysts	0.00
yaars	0.00
yabas	0.00
yabba	1.82
yabby	1.33
yacca	0.00
yacht	3.82
yacka	0.00
yacks	0.00
yaffs	0.00
yager	2.01
yages	0.00
yagis	0.00
yahoo	3.86
yaird	0.00
yakka	1.43
yakow	0.00
yales	1.01
yamen	1.77
yampy	0.00
yamun	0.00
yangs	1.79
yanks	3.03
yapok	0.00
yapon	0.00
yapps	0.00
yappy	1.86
yarak	0.00
yarco	0.00
yards	4.51
yarer	0.00
yarfa	0.00
yarks	0.00
yarns	2.93
yarrs	0.00
yarta	0.00
yarto	0.00
yates	3.48
yauds	0.00
yauld	0.00
yaups	0.00
yawed	1.02
yawey	0.00
yawls	1.12
yawns	2.66
yawny	0.00
yawps	0.00
ybore	0.00
yclad	0.00
ycled	0.00
ycond	0.00
ydrad	0.00
ydred	0.00
yeads	0.00
yeahs	2.12
yealm	0.00
yeans	0.00
yeard	1.29
yearn	2.97
years	5.96
yeast	3.67
yecch	0.00
yechs	0.00
yechy	0.00
yedes	0.00
yeeds	0.00
yeesh	2.22
yeggs	0.00
yelks	0.00
yells	3.45
yelms	0.00
yelps	2.08
yelts	0.00
yenta	1.21
yente	1.08
yerba	2.34
yerds	0.00
yerks	0.00
yeses	1.97
yesks	0.00
yests	0.00
yesty	0.00
yetis	1.87
yetts	0.00
yeuks	0.00
yeuky	0.00
yeven	0.00
yeves	0.00
yewen	0.00
yexed	0.00
yexes	0.00
yfere	0.00
yield	4.16
yiked	0.00
yikes	3.44
yills	0.00
yince	0.00
yipes	1.62
yippy	1.48
yirds	0.00
yirks	0.00
yirrs	0.00
yirth	0.00
yites	0.00
yitie	0.00
ylems	0.00
ylike	0.00
ylkes	0.00
ymolt	0.00
ympes	0.00
yobbo	1.14
yobby	0.00
yocks	0.00
yodel	2.34
yodhs	0.00
yodle	0.00
yogas	1.93
yogee	0.00
yoghs	0.00
yogic	2.30
yogin	1.33
yogis	2.28
yoick	0.00
yojan	0.00
yoked	2.33
yokel	1.91
yoker	1.30
yokes	2.07
yokul	0.00
yolks	2.83
yolky	1.05
yomim	0.00
yomps	0.00
yonic	0.00
yonis	1.14
yonks	1.67
yoofs	0.00
yoops	0.00
yores	0.00
yorks	2.49
yorps	0.00
youks	0.00
young	5.43
yourn	1.25
yours	4.75
yourt	0.00
youse	2.28
youth	4.75
yowed	0.00
yowes	0.00
yowie	1.47
yowls	1.26
yowza	1.86
yrapt	0.00
yrent	0.00
yrivd	0.00
yrneh	0.00
ysame	0.00
ytost	0.00
yuans	1.23
yucas	0.00
yucca	2.65
yucch	0.00
yucko	0.00
yucks	1.25
yucky	2.48
yufts	0.00
yugas	1.35
yuked	0.00
yukes	0.00
yukky	0.00
yukos	1.88
yulan	1.25
yules	0.00
yummo	1.24
yummy	3.54
yumps	0.00
yupon	0.00
yuppy	1.50
yurta	0.00
yurts	2.00
yuzus	0.00
zabra	0.00
zacks	2.48
zaida	1.39
zaidy	0.00
zaire	2.89
zakat	2.33
zaman	2.53
zambo	1.49
zamia	1.23
zanja	1.04
zante	1.98
zanza	1.16
zanze	0.00
zappy	1.54
zarfs	0.00
zaris	0.00
zatis	0.00
zaxes	0.00
zayin	0.00
zazen	1.97
zeals	0.00
zebec	0.00
zebra	3.40
zebub	0.00
zebus	0.00
zedas	0.00
zeins	0.00
zendo	1.36
zerda	0.00
zerks	0.00
zeros	3.06
zests	0.00
zesty	2.41
zetas	2.46
zexes	0.00
zezes	0.00
zhomo	0.00
zibet	0.00
ziffs	0.00
zigan	0.00
zilas	0.00
zilch	2.47
zilla	2.36
zills	0.00
zimbi	0.00
zimbs	0.00
zinco	0.00
zincs	0.00
zincy	0.00
zineb	1.34
zines	2.31
zings	1.71
zingy	1.84
zinke	2.15
zinky	0.00
zippo	2.45
zippy	2.52
ziram	0.00
zitis	0.00
zizel	0.00
zizit	0.00
zlote	0.00
zloty	2.05
zoaea	0.00
zobos	0.00
zobus	0.00
zocco	0.00
zoeae	0.00
zoeal	0.00
zoeas	0.00
zoism	0.00
zoist	0.00
zombi	1.72
zonae	0.00
zonal	2.74
zonda	1.93
zoned	3.16
zoner	1.38
zones	4.12
zonks	0.00
zooea	0.00
zooey	2.58
zooid	1.31
zooks	1.21
zooms	2.72
zoons	0.00
zooty	0.00
zoppa	0.00
zoppo	0.00
zoril	0.00
zoris	0.00
zorro	2.75
zouks	1.20
zowee	0.00
zowie	1.97
zulus	2.37
zupan	1.31
zupas	0.00
zuppa	1.42
zurfs	0.00
zuzim	0.00
zygal	0.00
zygon	1.72
zymes	0.00
zymic	0.00
